2026-08-20 10:12:49.772 [main] INFO  [] c.g.FlashTidyMallProjectApplication - Starting FlashTidyMallProjectApplication using Java 1.8.0_492 on DESKTOP-PJGE1ML with PID 18316 (D:\hhw-mall-project\Flash_Tidy-mall-project\target\classes started by huanghaiwei in D:\hhw-mall-project)
2026-08-20 10:12:49.772 [background-preinit] INFO  [] o.h.validator.internal.util.Version - HV000001: Hibernate Validator 6.2.5.Final
2026-08-20 10:12:49.779 [main] INFO  [] c.g.FlashTidyMallProjectApplication - No active profile set, falling back to 1 default profile: "default"
2026-08-20 10:12:50.047 [main] WARN  [] o.s.b.w.s.c.AnnotationConfigServletWebServerApplicationContext - Exception encountered during context initialization - cancelling refresh attempt: org.springframework.beans.factory.BeanDefinitionStoreException: Failed to parse configuration class [com.gdou.FlashTidyMallProjectApplication]; nested exception is org.springframework.context.annotation.ConflictingBeanDefinitionException: Annotation-specified bean name 'agentController' for bean class [com.gdou.controller.user.AgentController] conflicts with existing, non-compatible bean definition of same name and class [com.gdou.controller.AgentController]
2026-08-20 10:12:50.261 [main] ERROR [] o.s.boot.SpringApplication - Application run failed
org.springframework.beans.factory.BeanDefinitionStoreException: Failed to parse configuration class [com.gdou.FlashTidyMallProjectApplication]; nested exception is org.springframework.context.annotation.ConflictingBeanDefinitionException: Annotation-specified bean name 'agentController' for bean class [com.gdou.controller.user.AgentController] conflicts with existing, non-compatible bean definition of same name and class [com.gdou.controller.AgentController]
	at org.springframework.context.annotation.ConfigurationClassParser.parse(ConfigurationClassParser.java:188)
	at org.springframework.context.annotation.ConfigurationClassPostProcessor.processConfigBeanDefinitions(ConfigurationClassPostProcessor.java:331)
	at org.springframework.context.annotation.ConfigurationClassPostProcessor.postProcessBeanDefinitionRegistry(ConfigurationClassPostProcessor.java:247)
	at org.springframework.context.support.PostProcessorRegistrationDelegate.invokeBeanDefinitionRegistryPostProcessors(PostProcessorRegistrationDelegate.java:311)
	at org.springframework.context.support.PostProcessorRegistrationDelegate.invokeBeanFactoryPostProcessors(PostProcessorRegistrationDelegate.java:112)
	at org.springframework.context.support.AbstractApplicationContext.invokeBeanFactoryPostProcessors(AbstractApplicationContext.java:756)
	at org.springframework.context.support.AbstractApplicationContext.refresh(AbstractApplicationContext.java:572)
	at org.springframework.boot.web.servlet.context.ServletWebServerApplicationContext.refresh(ServletWebServerApplicationContext.java:147)
	at org.springframework.boot.SpringApplication.refresh(SpringApplication.java:732)
	at org.springframework.boot.SpringApplication.refreshContext(SpringApplication.java:409)
	at org.springframework.boot.SpringApplication.run(SpringApplication.java:308)
	at org.springframework.boot.SpringApplication.run(SpringApplication.java:1300)
	at org.springframework.boot.SpringApplication.run(SpringApplication.java:1289)
	at com.gdou.FlashTidyMallProjectApplication.main(FlashTidyMallProjectApplication.java:16)
Caused by: org.springframework.context.annotation.ConflictingBeanDefinitionException: Annotation-specified bean name 'agentController' for bean class [com.gdou.controller.user.AgentController] conflicts with existing, non-compatible bean definition of same name and class [com.gdou.controller.AgentController]
	at org.springframework.context.annotation.ClassPathBeanDefinitionScanner.checkCandidate(ClassPathBeanDefinitionScanner.java:349)
	at org.springframework.context.annotation.ClassPathBeanDefinitionScanner.doScan(ClassPathBeanDefinitionScanner.java:287)
	at org.springframework.context.annotation.ComponentScanAnnotationParser.parse(ComponentScanAnnotationParser.java:128)
	at org.springframework.context.annotation.ConfigurationClassParser.doProcessConfigurationClass(ConfigurationClassParser.java:295)
	at org.springframework.context.annotation.ConfigurationClassParser.processConfigurationClass(ConfigurationClassParser.java:249)
	at org.springframework.context.annotation.ConfigurationClassParser.parse(ConfigurationClassParser.java:206)
	at org.springframework.context.annotation.ConfigurationClassParser.parse(ConfigurationClassParser.java:174)
	... 13 common frames omitted
2026-08-20 10:19:31.562 [background-preinit] INFO  [] o.h.validator.internal.util.Version - HV000001: Hibernate Validator 6.2.5.Final
2026-08-20 10:19:31.563 [main] INFO  [] c.g.FlashTidyMallProjectApplication - Starting FlashTidyMallProjectApplication using Java 1.8.0_492 on DESKTOP-PJGE1ML with PID 24684 (D:\hhw-mall-project\Flash_Tidy-mall-project\target\classes started by huanghaiwei in D:\hhw-mall-project)
2026-08-20 10:19:31.566 [main] INFO  [] c.g.FlashTidyMallProjectApplication - No active profile set, falling back to 1 default profile: "default"
2026-08-20 10:19:33.714 [main] INFO  [] o.s.d.r.c.RepositoryConfigurationDelegate - Multiple Spring Data modules found, entering strict repository configuration mode
2026-08-20 10:19:33.717 [main] INFO  [] o.s.d.r.c.RepositoryConfigurationDelegate - Bootstrapping Spring Data Elasticsearch repositories in DEFAULT mode.
2026-08-20 10:19:33.743 [main] INFO  [] o.s.d.r.c.RepositoryConfigurationDelegate - Finished Spring Data repository scanning in 20 ms. Found 0 Elasticsearch repository interfaces.
2026-08-20 10:19:33.747 [main] INFO  [] o.s.d.r.c.RepositoryConfigurationDelegate - Multiple Spring Data modules found, entering strict repository configuration mode
2026-08-20 10:19:33.748 [main] INFO  [] o.s.d.r.c.RepositoryConfigurationDelegate - Bootstrapping Spring Data Reactive Elasticsearch repositories in DEFAULT mode.
2026-08-20 10:19:33.759 [main] INFO  [] o.s.d.r.c.RepositoryConfigurationDelegate - Finished Spring Data repository scanning in 10 ms. Found 0 Reactive Elasticsearch repository interfaces.
2026-08-20 10:19:33.770 [main] INFO  [] o.s.d.r.c.RepositoryConfigurationDelegate - Multiple Spring Data modules found, entering strict repository configuration mode
2026-08-20 10:19:33.771 [main] INFO  [] o.s.d.r.c.RepositoryConfigurationDelegate - Bootstrapping Spring Data Redis repositories in DEFAULT mode.
2026-08-20 10:19:33.791 [main] INFO  [] o.s.d.r.c.RepositoryConfigurationDelegate - Finished Spring Data repository scanning in 11 ms. Found 0 Redis repository interfaces.
2026-08-20 10:19:34.527 [main] INFO  [] o.s.b.w.e.tomcat.TomcatWebServer - Tomcat initialized with port(s): 8080 (http)
2026-08-20 10:19:34.537 [main] INFO  [] o.a.coyote.http11.Http11NioProtocol - Initializing ProtocolHandler ["http-nio-8080"]
2026-08-20 10:19:34.538 [main] INFO  [] o.a.catalina.core.StandardService - Starting service [Tomcat]
2026-08-20 10:19:34.538 [main] INFO  [] o.a.catalina.core.StandardEngine - Starting Servlet engine: [Apache Tomcat/9.0.83]
2026-08-20 10:19:34.735 [main] INFO  [] o.a.c.c.C.[Tomcat].[localhost].[/] - Initializing Spring embedded WebApplicationContext
2026-08-20 10:19:34.737 [main] INFO  [] o.s.b.w.s.c.ServletWebServerApplicationContext - Root WebApplicationContext: initialization completed in 3113 ms
2026-08-20 10:19:38.104 [I/O dispatcher 1] WARN  [] org.elasticsearch.client.RestClient - request [GET http://192.168.147.131:9200/] returned 1 warnings: [299 Elasticsearch-7.17.22-38e9ca2e81304a821c50862dafab089ca863944b "Elasticsearch built-in security features are not enabled. Without authentication, your cluster could be accessible to anyone. See https://www.elastic.co/guide/en/elasticsearch/reference/7.17/security-minimal-setup.html to enable security."]
2026-08-20 10:19:38.224 [main] WARN  [task-es-init-1787192377748] org.elasticsearch.client.RestClient - request [HEAD http://192.168.147.131:9200/spu] returned 1 warnings: [299 Elasticsearch-7.17.22-38e9ca2e81304a821c50862dafab089ca863944b "Elasticsearch built-in security features are not enabled. Without authentication, your cluster could be accessible to anyone. See https://www.elastic.co/guide/en/elasticsearch/reference/7.17/security-minimal-setup.html to enable security."]
2026-08-20 10:19:38.489 [main] WARN  [task-es-init-1787192377748] org.elasticsearch.client.RestClient - request [POST http://192.168.147.131:9200/spu/_search?typed_keys=true&max_concurrent_shard_requests=5&search_type=query_then_fetch&batched_reduce_size=512] returned 1 warnings: [299 Elasticsearch-7.17.22-38e9ca2e81304a821c50862dafab089ca863944b "Elasticsearch built-in security features are not enabled. Without authentication, your cluster could be accessible to anyone. See https://www.elastic.co/guide/en/elasticsearch/reference/7.17/security-minimal-setup.html to enable security."]
2026-08-20 10:19:38.498 [main] INFO  [task-es-init-1787192377748] com.gdou.task.EsSyncTask - 当前ES已有文档，跳过全量同步
2026-08-20 10:19:38.554 [main] INFO  [task-seckill-1787192378504] com.zaxxer.hikari.HikariDataSource - HikariPool-1 - Starting...
2026-08-20 10:19:38.895 [main] INFO  [task-seckill-1787192378504] com.zaxxer.hikari.HikariDataSource - HikariPool-1 - Start completed.
2026-08-20 10:19:40.980 [main] INFO  [task-seckill-1787192378504] com.gdou.task.SeckillTask - 秒杀预热 SKU=101，促销库存=120，时间 Sat Aug 01 00:00:00 CST 2026 ~ Mon Aug 31 23:59:59 CST 2026
2026-08-20 10:19:40.984 [main] INFO  [task-seckill-1787192378504] com.gdou.task.SeckillTask - 秒杀预热 SKU=102，促销库存=80，时间 Sat Aug 01 00:00:00 CST 2026 ~ Mon Aug 31 23:59:59 CST 2026
2026-08-20 10:19:40.987 [main] INFO  [task-seckill-1787192378504] com.gdou.task.SeckillTask - 秒杀预热 SKU=201，促销库存=300，时间 Sat Aug 01 00:00:00 CST 2026 ~ Mon Aug 31 23:59:59 CST 2026
2026-08-20 10:19:41.034 [main] INFO  [task-seckill-1787192378504] com.gdou.task.SeckillTask - 秒杀预热 SKU=301，促销库存=150，时间 Sat Aug 01 00:00:00 CST 2026 ~ Mon Aug 31 23:59:59 CST 2026
2026-08-20 10:19:41.040 [main] INFO  [task-seckill-1787192378504] com.gdou.task.SeckillTask - 秒杀预热 SKU=1101，促销库存=180，时间 Sat Aug 01 00:00:00 CST 2026 ~ Mon Aug 31 23:59:59 CST 2026
2026-08-20 10:19:41.048 [main] INFO  [task-seckill-1787192378504] com.gdou.task.SeckillTask - 秒杀预热 SKU=1301，促销库存=120，时间 Sat Aug 01 00:00:00 CST 2026 ~ Mon Aug 31 23:59:59 CST 2026
2026-08-20 10:19:41.053 [main] INFO  [task-seckill-1787192378504] com.gdou.task.SeckillTask - 秒杀预热 SKU=1701，促销库存=100，时间 Sat Aug 01 00:00:00 CST 2026 ~ Mon Aug 31 23:59:59 CST 2026
2026-08-20 10:19:41.056 [main] INFO  [task-seckill-1787192378504] com.gdou.task.SeckillTask - 秒杀预热 SKU=2101，促销库存=40，时间 Sat Aug 01 00:00:00 CST 2026 ~ Mon Aug 31 23:59:59 CST 2026
2026-08-20 10:19:41.062 [main] INFO  [task-seckill-1787192378504] com.gdou.task.SeckillTask - 秒杀预热 SKU=2501，促销库存=120，时间 Sat Aug 01 00:00:00 CST 2026 ~ Mon Aug 31 23:59:59 CST 2026
2026-08-20 10:19:41.065 [main] INFO  [task-seckill-1787192378504] com.gdou.task.SeckillTask - 秒杀预热 SKU=2801，促销库存=130，时间 Sat Aug 01 00:00:00 CST 2026 ~ Mon Aug 31 23:59:59 CST 2026
2026-08-20 10:19:41.069 [main] INFO  [task-seckill-1787192378504] com.gdou.task.SeckillTask - 秒杀预热 SKU=2901，促销库存=90，时间 Sat Aug 01 00:00:00 CST 2026 ~ Mon Aug 31 23:59:59 CST 2026
2026-08-20 10:19:41.694 [main] INFO  [] o.s.b.a.w.s.WelcomePageHandlerMapping - Adding welcome page: class path resource [static/index.html]
2026-08-20 10:19:42.106 [main] INFO  [] o.a.coyote.http11.Http11NioProtocol - Starting ProtocolHandler ["http-nio-8080"]
2026-08-20 10:19:42.119 [main] INFO  [] o.s.b.w.e.tomcat.TomcatWebServer - Tomcat started on port(s): 8080 (http) with context path ''
2026-08-20 10:19:42.197 [main] INFO  [] o.s.b.w.e.tomcat.TomcatWebServer - Tomcat initialized with port(s): 8081 (http)
2026-08-20 10:19:42.197 [main] INFO  [] o.a.coyote.http11.Http11NioProtocol - Initializing ProtocolHandler ["http-nio-8081"]
2026-08-20 10:19:42.197 [main] INFO  [] o.a.catalina.core.StandardService - Starting service [Tomcat]
2026-08-20 10:19:42.198 [main] INFO  [] o.a.catalina.core.StandardEngine - Starting Servlet engine: [Apache Tomcat/9.0.83]
2026-08-20 10:19:42.227 [main] INFO  [] o.a.c.c.C.[Tomcat-1].[localhost].[/] - Initializing Spring embedded WebApplicationContext
2026-08-20 10:19:42.227 [main] INFO  [] o.s.b.w.s.c.ServletWebServerApplicationContext - Root WebApplicationContext: initialization completed in 103 ms
2026-08-20 10:19:42.237 [main] INFO  [] o.s.b.a.e.web.EndpointLinksResolver - Exposing 3 endpoint(s) beneath base path '/actuator'
2026-08-20 10:19:42.284 [main] INFO  [] o.a.coyote.http11.Http11NioProtocol - Starting ProtocolHandler ["http-nio-8081"]
2026-08-20 10:19:42.288 [main] INFO  [] o.s.b.w.e.tomcat.TomcatWebServer - Tomcat started on port(s): 8081 (http) with context path ''
2026-08-20 10:19:42.632 [main] INFO  [] o.s.a.r.c.CachingConnectionFactory - Attempting to connect to: [192.168.147.131:5672]
2026-08-20 10:19:42.702 [main] INFO  [] o.s.a.r.c.CachingConnectionFactory - Created new connection: rabbitConnectionFactory#395281c2:0/SimpleConnection@425a5c2e [delegate=amqp://guess@192.168.147.131:5672/, localPort= 64398]
2026-08-20 10:19:42.859 [main] INFO  [] c.g.FlashTidyMallProjectApplication - Started FlashTidyMallProjectApplication in 11.895 seconds (JVM running for 14.651)
2026-08-20 10:19:42.888 [scheduling-1] INFO  [task-seckill-1787192382876] com.gdou.task.SeckillTask - 秒杀预热 SKU=101，促销库存=120，时间 Sat Aug 01 00:00:00 CST 2026 ~ Mon Aug 31 23:59:59 CST 2026
2026-08-20 10:19:42.894 [scheduling-1] INFO  [task-seckill-1787192382876] com.gdou.task.SeckillTask - 秒杀预热 SKU=102，促销库存=80，时间 Sat Aug 01 00:00:00 CST 2026 ~ Mon Aug 31 23:59:59 CST 2026
2026-08-20 10:19:42.897 [scheduling-1] INFO  [task-seckill-1787192382876] com.gdou.task.SeckillTask - 秒杀预热 SKU=201，促销库存=300，时间 Sat Aug 01 00:00:00 CST 2026 ~ Mon Aug 31 23:59:59 CST 2026
2026-08-20 10:19:42.900 [scheduling-1] INFO  [task-seckill-1787192382876] com.gdou.task.SeckillTask - 秒杀预热 SKU=301，促销库存=150，时间 Sat Aug 01 00:00:00 CST 2026 ~ Mon Aug 31 23:59:59 CST 2026
2026-08-20 10:19:42.904 [scheduling-1] INFO  [task-seckill-1787192382876] com.gdou.task.SeckillTask - 秒杀预热 SKU=1101，促销库存=180，时间 Sat Aug 01 00:00:00 CST 2026 ~ Mon Aug 31 23:59:59 CST 2026
2026-08-20 10:19:42.907 [scheduling-1] INFO  [task-seckill-1787192382876] com.gdou.task.SeckillTask - 秒杀预热 SKU=1301，促销库存=120，时间 Sat Aug 01 00:00:00 CST 2026 ~ Mon Aug 31 23:59:59 CST 2026
2026-08-20 10:19:42.909 [scheduling-1] INFO  [task-seckill-1787192382876] com.gdou.task.SeckillTask - 秒杀预热 SKU=1701，促销库存=100，时间 Sat Aug 01 00:00:00 CST 2026 ~ Mon Aug 31 23:59:59 CST 2026
2026-08-20 10:19:42.914 [scheduling-1] INFO  [task-seckill-1787192382876] com.gdou.task.SeckillTask - 秒杀预热 SKU=2101，促销库存=40，时间 Sat Aug 01 00:00:00 CST 2026 ~ Mon Aug 31 23:59:59 CST 2026
2026-08-20 10:19:42.917 [scheduling-1] INFO  [task-seckill-1787192382876] com.gdou.task.SeckillTask - 秒杀预热 SKU=2501，促销库存=120，时间 Sat Aug 01 00:00:00 CST 2026 ~ Mon Aug 31 23:59:59 CST 2026
2026-08-20 10:19:42.919 [scheduling-1] INFO  [task-seckill-1787192382876] com.gdou.task.SeckillTask - 秒杀预热 SKU=2801，促销库存=130，时间 Sat Aug 01 00:00:00 CST 2026 ~ Mon Aug 31 23:59:59 CST 2026
2026-08-20 10:19:42.923 [scheduling-1] INFO  [task-seckill-1787192382876] com.gdou.task.SeckillTask - 秒杀预热 SKU=2901，促销库存=90，时间 Sat Aug 01 00:00:00 CST 2026 ~ Mon Aug 31 23:59:59 CST 2026
2026-08-20 10:19:43.199 [RMI TCP Connection(1)-192.168.147.1] INFO  [] o.a.c.c.C.[Tomcat].[localhost].[/] - Initializing Spring DispatcherServlet 'dispatcherServlet'
2026-08-20 10:19:43.200 [RMI TCP Connection(1)-192.168.147.1] INFO  [] o.s.web.servlet.DispatcherServlet - Initializing Servlet 'dispatcherServlet'
2026-08-20 10:19:43.202 [RMI TCP Connection(1)-192.168.147.1] INFO  [] o.s.web.servlet.DispatcherServlet - Completed initialization in 2 ms
2026-08-20 10:19:46.549 [RMI TCP Connection(3)-192.168.147.1] WARN  [] org.elasticsearch.client.RestClient - request [GET http://192.168.147.131:9200/_cluster/health/] returned 1 warnings: [299 Elasticsearch-7.17.22-38e9ca2e81304a821c50862dafab089ca863944b "Elasticsearch built-in security features are not enabled. Without authentication, your cluster could be accessible to anyone. See https://www.elastic.co/guide/en/elasticsearch/reference/7.17/security-minimal-setup.html to enable security."]
2026-08-20 10:19:47.681 [http-nio-8081-exec-1] INFO  [] o.a.c.c.C.[Tomcat-1].[localhost].[/] - Initializing Spring DispatcherServlet 'dispatcherServlet'
2026-08-20 10:19:47.682 [http-nio-8081-exec-1] INFO  [] o.s.web.servlet.DispatcherServlet - Initializing Servlet 'dispatcherServlet'
2026-08-20 10:19:47.682 [http-nio-8081-exec-1] INFO  [] o.s.web.servlet.DispatcherServlet - Completed initialization in 0 ms
2026-08-20 10:22:56.540 [http-nio-8080-exec-6] INFO  [2aa01ea06e8e4641] com.gdou.controller.GoodsController - 用户浏览商品：categoryId=null, keyword=null, page=1
2026-08-20 10:22:56.838 [http-nio-8080-exec-6] WARN  [2aa01ea06e8e4641] org.elasticsearch.client.RestClient - request [POST http://192.168.147.131:9200/spu/_search?typed_keys=true&max_concurrent_shard_requests=5&search_type=query_then_fetch&batched_reduce_size=512] returned 1 warnings: [299 Elasticsearch-7.17.22-38e9ca2e81304a821c50862dafab089ca863944b "Elasticsearch built-in security features are not enabled. Without authentication, your cluster could be accessible to anyone. See https://www.elastic.co/guide/en/elasticsearch/reference/7.17/security-minimal-setup.html to enable security."]
2026-08-20 10:23:03.279 [http-nio-8080-exec-9] INFO  [3c8ae2dbde79466f] com.gdou.controller.GoodsController - 用户浏览商品：categoryId=null, keyword=null, page=1
2026-08-20 10:23:03.305 [http-nio-8080-exec-9] WARN  [3c8ae2dbde79466f] org.elasticsearch.client.RestClient - request [POST http://192.168.147.131:9200/spu/_search?typed_keys=true&max_concurrent_shard_requests=5&search_type=query_then_fetch&batched_reduce_size=512] returned 1 warnings: [299 Elasticsearch-7.17.22-38e9ca2e81304a821c50862dafab089ca863944b "Elasticsearch built-in security features are not enabled. Without authentication, your cluster could be accessible to anyone. See https://www.elastic.co/guide/en/elasticsearch/reference/7.17/security-minimal-setup.html to enable security."]
2026-08-20 10:23:07.979 [http-nio-8080-exec-5] INFO  [a4fcca8cac244463] com.gdou.controller.GoodsController - 用户浏览商品：categoryId=null, keyword=null, page=1
2026-08-20 10:23:08.009 [http-nio-8080-exec-5] WARN  [a4fcca8cac244463] org.elasticsearch.client.RestClient - request [POST http://192.168.147.131:9200/spu/_search?typed_keys=true&max_concurrent_shard_requests=5&search_type=query_then_fetch&batched_reduce_size=512] returned 1 warnings: [299 Elasticsearch-7.17.22-38e9ca2e81304a821c50862dafab089ca863944b "Elasticsearch built-in security features are not enabled. Without authentication, your cluster could be accessible to anyone. See https://www.elastic.co/guide/en/elasticsearch/reference/7.17/security-minimal-setup.html to enable security."]
2026-08-20 10:23:12.346 [http-nio-8080-exec-8] INFO  [e15a9f869b9f4e66] com.gdou.controller.GoodsController - 用户浏览商品：categoryId=null, keyword=null, page=1
2026-08-20 10:23:12.372 [http-nio-8080-exec-8] WARN  [e15a9f869b9f4e66] org.elasticsearch.client.RestClient - request [POST http://192.168.147.131:9200/spu/_search?typed_keys=true&max_concurrent_shard_requests=5&search_type=query_then_fetch&batched_reduce_size=512] returned 1 warnings: [299 Elasticsearch-7.17.22-38e9ca2e81304a821c50862dafab089ca863944b "Elasticsearch built-in security features are not enabled. Without authentication, your cluster could be accessible to anyone. See https://www.elastic.co/guide/en/elasticsearch/reference/7.17/security-minimal-setup.html to enable security."]
2026-08-20 10:23:13.914 [http-nio-8080-exec-6] INFO  [4824cbecfe004df0] com.gdou.controller.GoodsController - 用户浏览商品：categoryId=1, keyword=null, page=1
2026-08-20 10:23:14.076 [http-nio-8080-exec-6] WARN  [4824cbecfe004df0] org.elasticsearch.client.RestClient - request [POST http://192.168.147.131:9200/spu/_search?typed_keys=true&max_concurrent_shard_requests=5&search_type=query_then_fetch&batched_reduce_size=512] returned 1 warnings: [299 Elasticsearch-7.17.22-38e9ca2e81304a821c50862dafab089ca863944b "Elasticsearch built-in security features are not enabled. Without authentication, your cluster could be accessible to anyone. See https://www.elastic.co/guide/en/elasticsearch/reference/7.17/security-minimal-setup.html to enable security."]
2026-08-20 10:23:15.225 [http-nio-8080-exec-4] INFO  [9de7f3847ae94838] com.gdou.controller.GoodsController - 用户浏览商品：categoryId=3, keyword=null, page=1
2026-08-20 10:23:15.269 [http-nio-8080-exec-4] WARN  [9de7f3847ae94838] org.elasticsearch.client.RestClient - request [POST http://192.168.147.131:9200/spu/_search?typed_keys=true&max_concurrent_shard_requests=5&search_type=query_then_fetch&batched_reduce_size=512] returned 1 warnings: [299 Elasticsearch-7.17.22-38e9ca2e81304a821c50862dafab089ca863944b "Elasticsearch built-in security features are not enabled. Without authentication, your cluster could be accessible to anyone. See https://www.elastic.co/guide/en/elasticsearch/reference/7.17/security-minimal-setup.html to enable security."]
2026-08-20 10:23:26.347 [http-nio-8080-exec-2] WARN  [] com.gdou.inteceptor.JwtInterceptor - JWT 缺失，拦截请求: /error
2026-08-20 10:23:26.395 [http-nio-8080-exec-1] WARN  [] com.gdou.inteceptor.JwtInterceptor - JWT 缺失，拦截请求: /error
2026-08-20 10:24:12.727 [http-nio-8080-exec-6] WARN  [6c841124ed99402c] com.gdou.inteceptor.JwtInterceptor - JWT 校验失败或已过期，拦截请求: /hhw/user/order/queryList
2026-08-20 10:24:14.967 [http-nio-8080-exec-7] INFO  [898ed8bea48c4f07] com.gdou.controller.GoodsController - 用户浏览商品：categoryId=null, keyword=null, page=1
2026-08-20 10:24:14.992 [http-nio-8080-exec-7] WARN  [898ed8bea48c4f07] org.elasticsearch.client.RestClient - request [POST http://192.168.147.131:9200/spu/_search?typed_keys=true&max_concurrent_shard_requests=5&search_type=query_then_fetch&batched_reduce_size=512] returned 1 warnings: [299 Elasticsearch-7.17.22-38e9ca2e81304a821c50862dafab089ca863944b "Elasticsearch built-in security features are not enabled. Without authentication, your cluster could be accessible to anyone. See https://www.elastic.co/guide/en/elasticsearch/reference/7.17/security-minimal-setup.html to enable security."]
2026-08-20 10:24:16.954 [http-nio-8080-exec-5] WARN  [] com.gdou.inteceptor.JwtInterceptor - JWT 缺失，拦截请求: /error
2026-08-20 10:24:16.997 [http-nio-8080-exec-3] WARN  [] com.gdou.inteceptor.JwtInterceptor - JWT 缺失，拦截请求: /error
2026-08-20 10:24:20.571 [http-nio-8080-exec-9] WARN  [] com.gdou.inteceptor.JwtInterceptor - JWT 缺失，拦截请求: /error
2026-08-20 10:24:20.620 [http-nio-8080-exec-8] WARN  [] com.gdou.inteceptor.JwtInterceptor - JWT 缺失，拦截请求: /error
2026-08-20 10:33:14.668 [http-nio-8080-exec-7] INFO  [9847d81c256f42dd] com.gdou.controller.GoodsController - 用户浏览商品：categoryId=null, keyword=null, page=1
2026-08-20 10:33:14.748 [http-nio-8080-exec-7] WARN  [9847d81c256f42dd] org.elasticsearch.client.RestClient - request [POST http://192.168.147.131:9200/spu/_search?typed_keys=true&max_concurrent_shard_requests=5&search_type=query_then_fetch&batched_reduce_size=512] returned 1 warnings: [299 Elasticsearch-7.17.22-38e9ca2e81304a821c50862dafab089ca863944b "Elasticsearch built-in security features are not enabled. Without authentication, your cluster could be accessible to anyone. See https://www.elastic.co/guide/en/elasticsearch/reference/7.17/security-minimal-setup.html to enable security."]
2026-08-20 10:33:19.695 [http-nio-8080-exec-2] INFO  [2185c558e7cd42dc] com.gdou.controller.GoodsController - 用户浏览商品：categoryId=null, keyword=null, page=1
2026-08-20 10:33:19.719 [http-nio-8080-exec-2] WARN  [2185c558e7cd42dc] org.elasticsearch.client.RestClient - request [POST http://192.168.147.131:9200/spu/_search?typed_keys=true&max_concurrent_shard_requests=5&search_type=query_then_fetch&batched_reduce_size=512] returned 1 warnings: [299 Elasticsearch-7.17.22-38e9ca2e81304a821c50862dafab089ca863944b "Elasticsearch built-in security features are not enabled. Without authentication, your cluster could be accessible to anyone. See https://www.elastic.co/guide/en/elasticsearch/reference/7.17/security-minimal-setup.html to enable security."]
2026-08-20 10:33:28.850 [org.springframework.amqp.rabbit.RabbitListenerEndpointContainer#0-4] INFO  [] o.s.a.r.l.SimpleMessageListenerContainer - Waiting for workers to finish.
2026-08-20 10:33:28.854 [org.springframework.amqp.rabbit.RabbitListenerEndpointContainer#1-4] INFO  [] o.s.a.r.l.SimpleMessageListenerContainer - Waiting for workers to finish.
2026-08-20 10:33:28.859 [org.springframework.amqp.rabbit.RabbitListenerEndpointContainer#2-4] INFO  [] o.s.a.r.l.SimpleMessageListenerContainer - Waiting for workers to finish.
2026-08-20 10:33:29.768 [org.springframework.amqp.rabbit.RabbitListenerEndpointContainer#2-4] INFO  [] o.s.a.r.l.SimpleMessageListenerContainer - Successfully waited for workers to finish.
2026-08-20 10:33:29.783 [org.springframework.amqp.rabbit.RabbitListenerEndpointContainer#0-4] INFO  [] o.s.a.r.l.SimpleMessageListenerContainer - Successfully waited for workers to finish.
2026-08-20 10:33:29.783 [org.springframework.amqp.rabbit.RabbitListenerEndpointContainer#1-4] INFO  [] o.s.a.r.l.SimpleMessageListenerContainer - Successfully waited for workers to finish.
2026-08-20 10:33:31.541 [SpringApplicationShutdownHook] INFO  [] com.zaxxer.hikari.HikariDataSource - HikariPool-1 - Shutdown initiated...
2026-08-20 10:33:31.554 [SpringApplicationShutdownHook] INFO  [] com.zaxxer.hikari.HikariDataSource - HikariPool-1 - Shutdown completed.
2026-08-20 10:33:45.052 [main] INFO  [] c.g.FlashTidyMallProjectApplication - Starting FlashTidyMallProjectApplication using Java 1.8.0_492 on DESKTOP-PJGE1ML with PID 7940 (D:\hhw-mall-project\Flash_Tidy-mall-project\target\classes started by huanghaiwei in D:\hhw-mall-project)
2026-08-20 10:33:45.056 [main] INFO  [] c.g.FlashTidyMallProjectApplication - No active profile set, falling back to 1 default profile: "default"
2026-08-20 10:33:45.062 [background-preinit] INFO  [] o.h.validator.internal.util.Version - HV000001: Hibernate Validator 6.2.5.Final
2026-08-20 10:33:47.930 [main] INFO  [] o.s.d.r.c.RepositoryConfigurationDelegate - Multiple Spring Data modules found, entering strict repository configuration mode
2026-08-20 10:33:47.935 [main] INFO  [] o.s.d.r.c.RepositoryConfigurationDelegate - Bootstrapping Spring Data Elasticsearch repositories in DEFAULT mode.
2026-08-20 10:33:47.981 [main] INFO  [] o.s.d.r.c.RepositoryConfigurationDelegate - Finished Spring Data repository scanning in 37 ms. Found 0 Elasticsearch repository interfaces.
2026-08-20 10:33:47.987 [main] INFO  [] o.s.d.r.c.RepositoryConfigurationDelegate - Multiple Spring Data modules found, entering strict repository configuration mode
2026-08-20 10:33:47.988 [main] INFO  [] o.s.d.r.c.RepositoryConfigurationDelegate - Bootstrapping Spring Data Reactive Elasticsearch repositories in DEFAULT mode.
2026-08-20 10:33:48.009 [main] INFO  [] o.s.d.r.c.RepositoryConfigurationDelegate - Finished Spring Data repository scanning in 20 ms. Found 0 Reactive Elasticsearch repository interfaces.
2026-08-20 10:33:48.023 [main] INFO  [] o.s.d.r.c.RepositoryConfigurationDelegate - Multiple Spring Data modules found, entering strict repository configuration mode
2026-08-20 10:33:48.025 [main] INFO  [] o.s.d.r.c.RepositoryConfigurationDelegate - Bootstrapping Spring Data Redis repositories in DEFAULT mode.
2026-08-20 10:33:48.067 [main] INFO  [] o.s.d.r.c.RepositoryConfigurationDelegate - Finished Spring Data repository scanning in 27 ms. Found 0 Redis repository interfaces.
2026-08-20 10:33:49.432 [main] INFO  [] o.s.b.w.e.tomcat.TomcatWebServer - Tomcat initialized with port(s): 8080 (http)
2026-08-20 10:33:49.449 [main] INFO  [] o.a.coyote.http11.Http11NioProtocol - Initializing ProtocolHandler ["http-nio-8080"]
2026-08-20 10:33:49.451 [main] INFO  [] o.a.catalina.core.StandardService - Starting service [Tomcat]
2026-08-20 10:33:49.451 [main] INFO  [] o.a.catalina.core.StandardEngine - Starting Servlet engine: [Apache Tomcat/9.0.83]
2026-08-20 10:33:49.743 [main] INFO  [] o.a.c.c.C.[Tomcat].[localhost].[/] - Initializing Spring embedded WebApplicationContext
2026-08-20 10:33:49.744 [main] INFO  [] o.s.b.w.s.c.ServletWebServerApplicationContext - Root WebApplicationContext: initialization completed in 4598 ms
2026-08-20 10:33:54.501 [I/O dispatcher 1] WARN  [] org.elasticsearch.client.RestClient - request [GET http://192.168.147.131:9200/] returned 1 warnings: [299 Elasticsearch-7.17.22-38e9ca2e81304a821c50862dafab089ca863944b "Elasticsearch built-in security features are not enabled. Without authentication, your cluster could be accessible to anyone. See https://www.elastic.co/guide/en/elasticsearch/reference/7.17/security-minimal-setup.html to enable security."]
2026-08-20 10:33:54.533 [main] WARN  [task-es-init-1787193234318] org.elasticsearch.client.RestClient - request [HEAD http://192.168.147.131:9200/spu] returned 1 warnings: [299 Elasticsearch-7.17.22-38e9ca2e81304a821c50862dafab089ca863944b "Elasticsearch built-in security features are not enabled. Without authentication, your cluster could be accessible to anyone. See https://www.elastic.co/guide/en/elasticsearch/reference/7.17/security-minimal-setup.html to enable security."]
2026-08-20 10:33:54.659 [main] WARN  [task-es-init-1787193234318] org.elasticsearch.client.RestClient - request [POST http://192.168.147.131:9200/spu/_search?typed_keys=true&max_concurrent_shard_requests=5&search_type=query_then_fetch&batched_reduce_size=512] returned 1 warnings: [299 Elasticsearch-7.17.22-38e9ca2e81304a821c50862dafab089ca863944b "Elasticsearch built-in security features are not enabled. Without authentication, your cluster could be accessible to anyone. See https://www.elastic.co/guide/en/elasticsearch/reference/7.17/security-minimal-setup.html to enable security."]
2026-08-20 10:33:54.669 [main] INFO  [task-es-init-1787193234318] com.gdou.task.EsSyncTask - 当前ES已有文档，跳过全量同步
2026-08-20 10:33:54.778 [main] INFO  [task-seckill-1787193234676] com.zaxxer.hikari.HikariDataSource - HikariPool-1 - Starting...
2026-08-20 10:33:55.126 [main] INFO  [task-seckill-1787193234676] com.zaxxer.hikari.HikariDataSource - HikariPool-1 - Start completed.
2026-08-20 10:33:58.916 [main] INFO  [task-seckill-1787193234676] com.gdou.task.SeckillTask - 秒杀预热 SKU=101，促销库存=120，时间 Sat Aug 01 00:00:00 CST 2026 ~ Mon Aug 31 23:59:59 CST 2026
2026-08-20 10:33:58.923 [main] INFO  [task-seckill-1787193234676] com.gdou.task.SeckillTask - 秒杀预热 SKU=102，促销库存=80，时间 Sat Aug 01 00:00:00 CST 2026 ~ Mon Aug 31 23:59:59 CST 2026
2026-08-20 10:33:58.932 [main] INFO  [task-seckill-1787193234676] com.gdou.task.SeckillTask - 秒杀预热 SKU=201，促销库存=300，时间 Sat Aug 01 00:00:00 CST 2026 ~ Mon Aug 31 23:59:59 CST 2026
2026-08-20 10:33:58.940 [main] INFO  [task-seckill-1787193234676] com.gdou.task.SeckillTask - 秒杀预热 SKU=301，促销库存=150，时间 Sat Aug 01 00:00:00 CST 2026 ~ Mon Aug 31 23:59:59 CST 2026
2026-08-20 10:33:58.947 [main] INFO  [task-seckill-1787193234676] com.gdou.task.SeckillTask - 秒杀预热 SKU=1101，促销库存=180，时间 Sat Aug 01 00:00:00 CST 2026 ~ Mon Aug 31 23:59:59 CST 2026
2026-08-20 10:33:58.955 [main] INFO  [task-seckill-1787193234676] com.gdou.task.SeckillTask - 秒杀预热 SKU=1301，促销库存=120，时间 Sat Aug 01 00:00:00 CST 2026 ~ Mon Aug 31 23:59:59 CST 2026
2026-08-20 10:33:58.962 [main] INFO  [task-seckill-1787193234676] com.gdou.task.SeckillTask - 秒杀预热 SKU=1701，促销库存=100，时间 Sat Aug 01 00:00:00 CST 2026 ~ Mon Aug 31 23:59:59 CST 2026
2026-08-20 10:33:58.968 [main] INFO  [task-seckill-1787193234676] com.gdou.task.SeckillTask - 秒杀预热 SKU=2101，促销库存=40，时间 Sat Aug 01 00:00:00 CST 2026 ~ Mon Aug 31 23:59:59 CST 2026
2026-08-20 10:33:58.975 [main] INFO  [task-seckill-1787193234676] com.gdou.task.SeckillTask - 秒杀预热 SKU=2501，促销库存=120，时间 Sat Aug 01 00:00:00 CST 2026 ~ Mon Aug 31 23:59:59 CST 2026
2026-08-20 10:33:58.987 [main] INFO  [task-seckill-1787193234676] com.gdou.task.SeckillTask - 秒杀预热 SKU=2801，促销库存=130，时间 Sat Aug 01 00:00:00 CST 2026 ~ Mon Aug 31 23:59:59 CST 2026
2026-08-20 10:33:58.993 [main] INFO  [task-seckill-1787193234676] com.gdou.task.SeckillTask - 秒杀预热 SKU=2901，促销库存=90，时间 Sat Aug 01 00:00:00 CST 2026 ~ Mon Aug 31 23:59:59 CST 2026
2026-08-20 10:33:59.996 [main] INFO  [] o.s.b.a.w.s.WelcomePageHandlerMapping - Adding welcome page: class path resource [static/index.html]
2026-08-20 10:34:00.639 [main] INFO  [] o.a.coyote.http11.Http11NioProtocol - Starting ProtocolHandler ["http-nio-8080"]
2026-08-20 10:34:00.657 [main] INFO  [] o.s.b.w.e.tomcat.TomcatWebServer - Tomcat started on port(s): 8080 (http) with context path ''
2026-08-20 10:34:00.778 [main] INFO  [] o.s.b.w.e.tomcat.TomcatWebServer - Tomcat initialized with port(s): 8081 (http)
2026-08-20 10:34:00.779 [main] INFO  [] o.a.coyote.http11.Http11NioProtocol - Initializing ProtocolHandler ["http-nio-8081"]
2026-08-20 10:34:00.779 [main] INFO  [] o.a.catalina.core.StandardService - Starting service [Tomcat]
2026-08-20 10:34:00.780 [main] INFO  [] o.a.catalina.core.StandardEngine - Starting Servlet engine: [Apache Tomcat/9.0.83]
2026-08-20 10:34:00.838 [main] INFO  [] o.a.c.c.C.[Tomcat-1].[localhost].[/] - Initializing Spring embedded WebApplicationContext
2026-08-20 10:34:00.838 [main] INFO  [] o.s.b.w.s.c.ServletWebServerApplicationContext - Root WebApplicationContext: initialization completed in 172 ms
2026-08-20 10:34:00.859 [main] INFO  [] o.s.b.a.e.web.EndpointLinksResolver - Exposing 3 endpoint(s) beneath base path '/actuator'
2026-08-20 10:34:00.955 [main] INFO  [] o.a.coyote.http11.Http11NioProtocol - Starting ProtocolHandler ["http-nio-8081"]
2026-08-20 10:34:00.960 [main] INFO  [] o.s.b.w.e.tomcat.TomcatWebServer - Tomcat started on port(s): 8081 (http) with context path ''
2026-08-20 10:34:01.579 [main] INFO  [] o.s.a.r.c.CachingConnectionFactory - Attempting to connect to: [192.168.147.131:5672]
2026-08-20 10:34:01.627 [main] INFO  [] o.s.a.r.c.CachingConnectionFactory - Created new connection: rabbitConnectionFactory#14485747:0/SimpleConnection@61e34bec [delegate=amqp://guess@192.168.147.131:5672/, localPort= 59904]
2026-08-20 10:34:01.795 [main] INFO  [] c.g.FlashTidyMallProjectApplication - Started FlashTidyMallProjectApplication in 17.312 seconds (JVM running for 19.846)
2026-08-20 10:34:01.828 [scheduling-1] INFO  [task-seckill-1787193241807] com.gdou.task.SeckillTask - 秒杀预热 SKU=101，促销库存=120，时间 Sat Aug 01 00:00:00 CST 2026 ~ Mon Aug 31 23:59:59 CST 2026
2026-08-20 10:34:01.833 [scheduling-1] INFO  [task-seckill-1787193241807] com.gdou.task.SeckillTask - 秒杀预热 SKU=102，促销库存=80，时间 Sat Aug 01 00:00:00 CST 2026 ~ Mon Aug 31 23:59:59 CST 2026
2026-08-20 10:34:01.838 [scheduling-1] INFO  [task-seckill-1787193241807] com.gdou.task.SeckillTask - 秒杀预热 SKU=201，促销库存=300，时间 Sat Aug 01 00:00:00 CST 2026 ~ Mon Aug 31 23:59:59 CST 2026
2026-08-20 10:34:01.844 [scheduling-1] INFO  [task-seckill-1787193241807] com.gdou.task.SeckillTask - 秒杀预热 SKU=301，促销库存=150，时间 Sat Aug 01 00:00:00 CST 2026 ~ Mon Aug 31 23:59:59 CST 2026
2026-08-20 10:34:01.849 [scheduling-1] INFO  [task-seckill-1787193241807] com.gdou.task.SeckillTask - 秒杀预热 SKU=1101，促销库存=180，时间 Sat Aug 01 00:00:00 CST 2026 ~ Mon Aug 31 23:59:59 CST 2026
2026-08-20 10:34:01.853 [scheduling-1] INFO  [task-seckill-1787193241807] com.gdou.task.SeckillTask - 秒杀预热 SKU=1301，促销库存=120，时间 Sat Aug 01 00:00:00 CST 2026 ~ Mon Aug 31 23:59:59 CST 2026
2026-08-20 10:34:01.862 [scheduling-1] INFO  [task-seckill-1787193241807] com.gdou.task.SeckillTask - 秒杀预热 SKU=1701，促销库存=100，时间 Sat Aug 01 00:00:00 CST 2026 ~ Mon Aug 31 23:59:59 CST 2026
2026-08-20 10:34:01.867 [scheduling-1] INFO  [task-seckill-1787193241807] com.gdou.task.SeckillTask - 秒杀预热 SKU=2101，促销库存=40，时间 Sat Aug 01 00:00:00 CST 2026 ~ Mon Aug 31 23:59:59 CST 2026
2026-08-20 10:34:01.872 [scheduling-1] INFO  [task-seckill-1787193241807] com.gdou.task.SeckillTask - 秒杀预热 SKU=2501，促销库存=120，时间 Sat Aug 01 00:00:00 CST 2026 ~ Mon Aug 31 23:59:59 CST 2026
2026-08-20 10:34:01.876 [scheduling-1] INFO  [task-seckill-1787193241807] com.gdou.task.SeckillTask - 秒杀预热 SKU=2801，促销库存=130，时间 Sat Aug 01 00:00:00 CST 2026 ~ Mon Aug 31 23:59:59 CST 2026
2026-08-20 10:34:01.883 [scheduling-1] INFO  [task-seckill-1787193241807] com.gdou.task.SeckillTask - 秒杀预热 SKU=2901，促销库存=90，时间 Sat Aug 01 00:00:00 CST 2026 ~ Mon Aug 31 23:59:59 CST 2026
2026-08-20 10:34:01.971 [RMI TCP Connection(1)-192.168.147.1] WARN  [] org.elasticsearch.client.RestClient - request [GET http://192.168.147.131:9200/_cluster/health/] returned 1 warnings: [299 Elasticsearch-7.17.22-38e9ca2e81304a821c50862dafab089ca863944b "Elasticsearch built-in security features are not enabled. Without authentication, your cluster could be accessible to anyone. See https://www.elastic.co/guide/en/elasticsearch/reference/7.17/security-minimal-setup.html to enable security."]
2026-08-20 10:34:02.741 [http-nio-8081-exec-1] INFO  [] o.a.c.c.C.[Tomcat-1].[localhost].[/] - Initializing Spring DispatcherServlet 'dispatcherServlet'
2026-08-20 10:34:02.741 [http-nio-8081-exec-1] INFO  [] o.s.web.servlet.DispatcherServlet - Initializing Servlet 'dispatcherServlet'
2026-08-20 10:34:02.743 [http-nio-8081-exec-1] INFO  [] o.s.web.servlet.DispatcherServlet - Completed initialization in 0 ms
2026-08-20 10:34:08.395 [RMI TCP Connection(3)-192.168.147.1] INFO  [] o.a.c.c.C.[Tomcat].[localhost].[/] - Initializing Spring DispatcherServlet 'dispatcherServlet'
2026-08-20 10:34:08.396 [RMI TCP Connection(3)-192.168.147.1] INFO  [] o.s.web.servlet.DispatcherServlet - Initializing Servlet 'dispatcherServlet'
2026-08-20 10:34:08.398 [RMI TCP Connection(3)-192.168.147.1] INFO  [] o.s.web.servlet.DispatcherServlet - Completed initialization in 2 ms
2026-08-20 10:34:20.189 [http-nio-8080-exec-4] INFO  [f7f109e63e0d4ea4] com.gdou.controller.GoodsController - 用户浏览商品：categoryId=null, keyword=null, page=1
2026-08-20 10:34:20.257 [http-nio-8080-exec-4] WARN  [f7f109e63e0d4ea4] org.elasticsearch.client.RestClient - request [POST http://192.168.147.131:9200/spu/_search?typed_keys=true&max_concurrent_shard_requests=5&search_type=query_then_fetch&batched_reduce_size=512] returned 1 warnings: [299 Elasticsearch-7.17.22-38e9ca2e81304a821c50862dafab089ca863944b "Elasticsearch built-in security features are not enabled. Without authentication, your cluster could be accessible to anyone. See https://www.elastic.co/guide/en/elasticsearch/reference/7.17/security-minimal-setup.html to enable security."]
2026-08-20 10:34:24.399 [http-nio-8080-exec-9] INFO  [bc31e21a496a4871] com.gdou.controller.GoodsController - 用户浏览商品：categoryId=null, keyword=null, page=1
2026-08-20 10:34:24.419 [http-nio-8080-exec-9] WARN  [bc31e21a496a4871] org.elasticsearch.client.RestClient - request [POST http://192.168.147.131:9200/spu/_search?typed_keys=true&max_concurrent_shard_requests=5&search_type=query_then_fetch&batched_reduce_size=512] returned 1 warnings: [299 Elasticsearch-7.17.22-38e9ca2e81304a821c50862dafab089ca863944b "Elasticsearch built-in security features are not enabled. Without authentication, your cluster could be accessible to anyone. See https://www.elastic.co/guide/en/elasticsearch/reference/7.17/security-minimal-setup.html to enable security."]
2026-08-20 10:36:02.305 [http-nio-8080-exec-8] WARN  [e4c2e8a333eb4f52] org.elasticsearch.client.RestClient - request [POST http://192.168.147.131:9200/spu/_search?typed_keys=true&max_concurrent_shard_requests=5&search_type=query_then_fetch&batched_reduce_size=512] returned 1 warnings: [299 Elasticsearch-7.17.22-38e9ca2e81304a821c50862dafab089ca863944b "Elasticsearch built-in security features are not enabled. Without authentication, your cluster could be accessible to anyone. See https://www.elastic.co/guide/en/elasticsearch/reference/7.17/security-minimal-setup.html to enable security."]
2026-08-20 10:42:03.895 [http-nio-8080-exec-9] INFO  [781c6990d1844143] com.gdou.controller.GoodsController - 用户浏览商品：categoryId=null, keyword=null, page=1
2026-08-20 10:42:03.917 [http-nio-8080-exec-9] WARN  [781c6990d1844143] org.elasticsearch.client.RestClient - request [POST http://192.168.147.131:9200/spu/_search?typed_keys=true&max_concurrent_shard_requests=5&search_type=query_then_fetch&batched_reduce_size=512] returned 1 warnings: [299 Elasticsearch-7.17.22-38e9ca2e81304a821c50862dafab089ca863944b "Elasticsearch built-in security features are not enabled. Without authentication, your cluster could be accessible to anyone. See https://www.elastic.co/guide/en/elasticsearch/reference/7.17/security-minimal-setup.html to enable security."]
2026-08-20 10:42:34.155 [http-nio-8080-exec-2] WARN  [588bbf6981bb491c] org.elasticsearch.client.RestClient - request [POST http://192.168.147.131:9200/spu/_search?typed_keys=true&max_concurrent_shard_requests=5&search_type=query_then_fetch&batched_reduce_size=512] returned 1 warnings: [299 Elasticsearch-7.17.22-38e9ca2e81304a821c50862dafab089ca863944b "Elasticsearch built-in security features are not enabled. Without authentication, your cluster could be accessible to anyone. See https://www.elastic.co/guide/en/elasticsearch/reference/7.17/security-minimal-setup.html to enable security."]
2026-08-20 11:04:40.903 [AMQP Connection 192.168.147.131:5672] WARN  [] c.r.c.impl.ForgivingExceptionHandler - An unexpected connection driver error occurred (Exception message: Connection reset)
2026-08-20 11:04:41.898 [org.springframework.amqp.rabbit.RabbitListenerEndpointContainer#0-2] INFO  [] o.s.a.r.l.SimpleMessageListenerContainer - Restarting Consumer@2b6a4da7: tags=[[amq.ctag-34g2Rckx1Q8LsoUPrzjiNA]], channel=Cached Rabbit Channel: PublisherCallbackChannelImpl: AMQChannel(amqp://guess@192.168.147.131:5672/,3), conn: Proxy@372e972d Shared Rabbit Connection: SimpleConnection@61e34bec [delegate=amqp://guess@192.168.147.131:5672/, localPort= 59904], acknowledgeMode=AUTO local queue size=0
2026-08-20 11:04:41.900 [org.springframework.amqp.rabbit.RabbitListenerEndpointContainer#0-3] INFO  [] o.s.a.r.l.SimpleMessageListenerContainer - Restarting Consumer@85b9f9c: tags=[[amq.ctag-38hOVnwon-XveiRpeVnUZA]], channel=Cached Rabbit Channel: PublisherCallbackChannelImpl: AMQChannel(amqp://guess@192.168.147.131:5672/,1), conn: Proxy@372e972d Shared Rabbit Connection: SimpleConnection@61e34bec [delegate=amqp://guess@192.168.147.131:5672/, localPort= 59904], acknowledgeMode=AUTO local queue size=0
2026-08-20 11:04:41.900 [org.springframework.amqp.rabbit.RabbitListenerEndpointContainer#2-3] INFO  [] o.s.a.r.l.SimpleMessageListenerContainer - Restarting Consumer@d8751de: tags=[[amq.ctag-oKGJU5mGYdKkqyX4yil7kQ]], channel=Cached Rabbit Channel: PublisherCallbackChannelImpl: AMQChannel(amqp://guess@192.168.147.131:5672/,8), conn: Proxy@372e972d Shared Rabbit Connection: SimpleConnection@61e34bec [delegate=amqp://guess@192.168.147.131:5672/, localPort= 59904], acknowledgeMode=AUTO local queue size=0
2026-08-20 11:04:41.907 [org.springframework.amqp.rabbit.RabbitListenerEndpointContainer#0-5] INFO  [] o.s.a.r.c.CachingConnectionFactory - Attempting to connect to: [192.168.147.131:5672]
2026-08-20 11:04:41.953 [org.springframework.amqp.rabbit.RabbitListenerEndpointContainer#0-1] INFO  [] o.s.a.r.l.SimpleMessageListenerContainer - Restarting Consumer@26a004ed: tags=[[amq.ctag-Rpe37SVLZdLHwCj33_nBHQ]], channel=Cached Rabbit Channel: PublisherCallbackChannelImpl: AMQChannel(amqp://guess@192.168.147.131:5672/,2), conn: Proxy@372e972d Shared Rabbit Connection: null, acknowledgeMode=AUTO local queue size=0
2026-08-20 11:04:41.988 [org.springframework.amqp.rabbit.RabbitListenerEndpointContainer#1-2] INFO  [] o.s.a.r.l.SimpleMessageListenerContainer - Restarting Consumer@6f70015: tags=[[amq.ctag-w8iHW_XZIpmx2zVYz72iMw]], channel=Cached Rabbit Channel: PublisherCallbackChannelImpl: AMQChannel(amqp://guess@192.168.147.131:5672/,6), conn: Proxy@372e972d Shared Rabbit Connection: null, acknowledgeMode=AUTO local queue size=0
2026-08-20 11:04:41.989 [org.springframework.amqp.rabbit.RabbitListenerEndpointContainer#1-3] INFO  [] o.s.a.r.l.SimpleMessageListenerContainer - Restarting Consumer@edb8f0c: tags=[[amq.ctag-0EI8FregUNFofOHhJJDf-Q]], channel=Cached Rabbit Channel: PublisherCallbackChannelImpl: AMQChannel(amqp://guess@192.168.147.131:5672/,5), conn: Proxy@372e972d Shared Rabbit Connection: null, acknowledgeMode=AUTO local queue size=0
2026-08-20 11:04:41.997 [org.springframework.amqp.rabbit.RabbitListenerEndpointContainer#2-2] INFO  [] o.s.a.r.l.SimpleMessageListenerContainer - Restarting Consumer@75c30a4f: tags=[[amq.ctag-to3hhoZwMYUayERGRSjlGA]], channel=Cached Rabbit Channel: PublisherCallbackChannelImpl: AMQChannel(amqp://guess@192.168.147.131:5672/,9), conn: Proxy@372e972d Shared Rabbit Connection: null, acknowledgeMode=AUTO local queue size=0
2026-08-20 11:04:41.998 [org.springframework.amqp.rabbit.RabbitListenerEndpointContainer#1-1] INFO  [] o.s.a.r.l.SimpleMessageListenerContainer - Restarting Consumer@30f99ca1: tags=[[amq.ctag-9nWwHfhqVxeYy1Z0LiL-WA]], channel=Cached Rabbit Channel: PublisherCallbackChannelImpl: AMQChannel(amqp://guess@192.168.147.131:5672/,4), conn: Proxy@372e972d Shared Rabbit Connection: null, acknowledgeMode=AUTO local queue size=0
2026-08-20 11:04:42.001 [org.springframework.amqp.rabbit.RabbitListenerEndpointContainer#2-1] INFO  [] o.s.a.r.l.SimpleMessageListenerContainer - Restarting Consumer@6e21c6ed: tags=[[amq.ctag-WtXeeAoIDG82RAaQjDcvVw]], channel=Cached Rabbit Channel: PublisherCallbackChannelImpl: AMQChannel(amqp://guess@192.168.147.131:5672/,7), conn: Proxy@372e972d Shared Rabbit Connection: null, acknowledgeMode=AUTO local queue size=0
2026-08-20 11:04:42.027 [org.springframework.amqp.rabbit.RabbitListenerEndpointContainer#0-5] INFO  [] o.s.a.r.c.CachingConnectionFactory - Created new connection: rabbitConnectionFactory#14485747:1/SimpleConnection@70ff989f [delegate=amqp://guess@192.168.147.131:5672/, localPort= 55074]
2026-08-20 11:05:03.343 [HikariPool-1 housekeeper] WARN  [] com.zaxxer.hikari.pool.HikariPool - HikariPool-1 - Thread starvation or clock leap detected (housekeeper delta=8m36s667ms273µs900ns).
2026-08-20 11:06:15.787 [http-nio-8080-exec-3] INFO  [a2af801030b74535] com.gdou.controller.GoodsController - 用户浏览商品：categoryId=null, keyword=null, page=1
2026-08-20 11:06:15.825 [http-nio-8080-exec-3] WARN  [a2af801030b74535] org.elasticsearch.client.RestClient - request [POST http://192.168.147.131:9200/spu/_search?typed_keys=true&max_concurrent_shard_requests=5&search_type=query_then_fetch&batched_reduce_size=512] returned 1 warnings: [299 Elasticsearch-7.17.22-38e9ca2e81304a821c50862dafab089ca863944b "Elasticsearch built-in security features are not enabled. Without authentication, your cluster could be accessible to anyone. See https://www.elastic.co/guide/en/elasticsearch/reference/7.17/security-minimal-setup.html to enable security."]
2026-08-20 11:10:08.433 [org.springframework.amqp.rabbit.RabbitListenerEndpointContainer#0-7] INFO  [] o.s.a.r.l.SimpleMessageListenerContainer - Waiting for workers to finish.
2026-08-20 11:10:08.441 [org.springframework.amqp.rabbit.RabbitListenerEndpointContainer#1-7] INFO  [] o.s.a.r.l.SimpleMessageListenerContainer - Waiting for workers to finish.
2026-08-20 11:10:08.448 [org.springframework.amqp.rabbit.RabbitListenerEndpointContainer#2-7] INFO  [] o.s.a.r.l.SimpleMessageListenerContainer - Waiting for workers to finish.
2026-08-20 11:10:09.410 [org.springframework.amqp.rabbit.RabbitListenerEndpointContainer#1-7] INFO  [] o.s.a.r.l.SimpleMessageListenerContainer - Successfully waited for workers to finish.
2026-08-20 11:10:09.410 [org.springframework.amqp.rabbit.RabbitListenerEndpointContainer#0-7] INFO  [] o.s.a.r.l.SimpleMessageListenerContainer - Successfully waited for workers to finish.
2026-08-20 11:10:09.439 [org.springframework.amqp.rabbit.RabbitListenerEndpointContainer#2-7] INFO  [] o.s.a.r.l.SimpleMessageListenerContainer - Successfully waited for workers to finish.
2026-08-20 11:10:11.254 [SpringApplicationShutdownHook] INFO  [] com.zaxxer.hikari.HikariDataSource - HikariPool-1 - Shutdown initiated...
2026-08-20 11:10:11.264 [SpringApplicationShutdownHook] INFO  [] com.zaxxer.hikari.HikariDataSource - HikariPool-1 - Shutdown completed.
2026-08-20 11:10:22.754 [background-preinit] INFO  [] o.h.validator.internal.util.Version - HV000001: Hibernate Validator 6.2.5.Final
2026-08-20 11:10:22.757 [main] INFO  [] c.g.FlashTidyMallProjectApplication - Starting FlashTidyMallProjectApplication using Java 1.8.0_492 on DESKTOP-PJGE1ML with PID 436 (D:\hhw-mall-project\Flash_Tidy-mall-project\target\classes started by huanghaiwei in D:\hhw-mall-project)
2026-08-20 11:10:22.757 [main] INFO  [] c.g.FlashTidyMallProjectApplication - No active profile set, falling back to 1 default profile: "default"
2026-08-20 11:10:24.345 [main] INFO  [] o.s.d.r.c.RepositoryConfigurationDelegate - Multiple Spring Data modules found, entering strict repository configuration mode
2026-08-20 11:10:24.348 [main] INFO  [] o.s.d.r.c.RepositoryConfigurationDelegate - Bootstrapping Spring Data Elasticsearch repositories in DEFAULT mode.
2026-08-20 11:10:24.378 [main] INFO  [] o.s.d.r.c.RepositoryConfigurationDelegate - Finished Spring Data repository scanning in 23 ms. Found 0 Elasticsearch repository interfaces.
2026-08-20 11:10:24.381 [main] INFO  [] o.s.d.r.c.RepositoryConfigurationDelegate - Multiple Spring Data modules found, entering strict repository configuration mode
2026-08-20 11:10:24.382 [main] INFO  [] o.s.d.r.c.RepositoryConfigurationDelegate - Bootstrapping Spring Data Reactive Elasticsearch repositories in DEFAULT mode.
2026-08-20 11:10:24.396 [main] INFO  [] o.s.d.r.c.RepositoryConfigurationDelegate - Finished Spring Data repository scanning in 14 ms. Found 0 Reactive Elasticsearch repository interfaces.
2026-08-20 11:10:24.406 [main] INFO  [] o.s.d.r.c.RepositoryConfigurationDelegate - Multiple Spring Data modules found, entering strict repository configuration mode
2026-08-20 11:10:24.406 [main] INFO  [] o.s.d.r.c.RepositoryConfigurationDelegate - Bootstrapping Spring Data Redis repositories in DEFAULT mode.
2026-08-20 11:10:24.428 [main] INFO  [] o.s.d.r.c.RepositoryConfigurationDelegate - Finished Spring Data repository scanning in 12 ms. Found 0 Redis repository interfaces.
2026-08-20 11:10:25.124 [main] INFO  [] o.s.b.w.e.tomcat.TomcatWebServer - Tomcat initialized with port(s): 8080 (http)
2026-08-20 11:10:25.132 [main] INFO  [] o.a.coyote.http11.Http11NioProtocol - Initializing ProtocolHandler ["http-nio-8080"]
2026-08-20 11:10:25.134 [main] INFO  [] o.a.catalina.core.StandardService - Starting service [Tomcat]
2026-08-20 11:10:25.134 [main] INFO  [] o.a.catalina.core.StandardEngine - Starting Servlet engine: [Apache Tomcat/9.0.83]
2026-08-20 11:10:25.294 [main] INFO  [] o.a.c.c.C.[Tomcat].[localhost].[/] - Initializing Spring embedded WebApplicationContext
2026-08-20 11:10:25.294 [main] INFO  [] o.s.b.w.s.c.ServletWebServerApplicationContext - Root WebApplicationContext: initialization completed in 2480 ms
2026-08-20 11:10:27.918 [I/O dispatcher 1] WARN  [] org.elasticsearch.client.RestClient - request [GET http://192.168.147.131:9200/] returned 1 warnings: [299 Elasticsearch-7.17.22-38e9ca2e81304a821c50862dafab089ca863944b "Elasticsearch built-in security features are not enabled. Without authentication, your cluster could be accessible to anyone. See https://www.elastic.co/guide/en/elasticsearch/reference/7.17/security-minimal-setup.html to enable security."]
2026-08-20 11:10:27.963 [main] WARN  [task-es-init-1787195427817] org.elasticsearch.client.RestClient - request [HEAD http://192.168.147.131:9200/spu] returned 1 warnings: [299 Elasticsearch-7.17.22-38e9ca2e81304a821c50862dafab089ca863944b "Elasticsearch built-in security features are not enabled. Without authentication, your cluster could be accessible to anyone. See https://www.elastic.co/guide/en/elasticsearch/reference/7.17/security-minimal-setup.html to enable security."]
2026-08-20 11:10:28.049 [main] WARN  [task-es-init-1787195427817] org.elasticsearch.client.RestClient - request [POST http://192.168.147.131:9200/spu/_search?typed_keys=true&max_concurrent_shard_requests=5&search_type=query_then_fetch&batched_reduce_size=512] returned 1 warnings: [299 Elasticsearch-7.17.22-38e9ca2e81304a821c50862dafab089ca863944b "Elasticsearch built-in security features are not enabled. Without authentication, your cluster could be accessible to anyone. See https://www.elastic.co/guide/en/elasticsearch/reference/7.17/security-minimal-setup.html to enable security."]
2026-08-20 11:10:28.055 [main] INFO  [task-es-init-1787195427817] com.gdou.task.EsSyncTask - 当前ES已有文档，跳过全量同步
2026-08-20 11:10:28.113 [main] INFO  [task-seckill-1787195428059] com.zaxxer.hikari.HikariDataSource - HikariPool-1 - Starting...
2026-08-20 11:10:28.351 [main] INFO  [task-seckill-1787195428059] com.zaxxer.hikari.HikariDataSource - HikariPool-1 - Start completed.
2026-08-20 11:10:30.505 [main] INFO  [task-seckill-1787195428059] com.gdou.task.SeckillTask - 秒杀预热 SKU=101，促销库存=120，时间 Sat Aug 01 00:00:00 CST 2026 ~ Mon Aug 31 23:59:59 CST 2026
2026-08-20 11:10:30.509 [main] INFO  [task-seckill-1787195428059] com.gdou.task.SeckillTask - 秒杀预热 SKU=102，促销库存=80，时间 Sat Aug 01 00:00:00 CST 2026 ~ Mon Aug 31 23:59:59 CST 2026
2026-08-20 11:10:30.515 [main] INFO  [task-seckill-1787195428059] com.gdou.task.SeckillTask - 秒杀预热 SKU=201，促销库存=300，时间 Sat Aug 01 00:00:00 CST 2026 ~ Mon Aug 31 23:59:59 CST 2026
2026-08-20 11:10:30.519 [main] INFO  [task-seckill-1787195428059] com.gdou.task.SeckillTask - 秒杀预热 SKU=301，促销库存=150，时间 Sat Aug 01 00:00:00 CST 2026 ~ Mon Aug 31 23:59:59 CST 2026
2026-08-20 11:10:30.526 [main] INFO  [task-seckill-1787195428059] com.gdou.task.SeckillTask - 秒杀预热 SKU=1101，促销库存=180，时间 Sat Aug 01 00:00:00 CST 2026 ~ Mon Aug 31 23:59:59 CST 2026
2026-08-20 11:10:30.531 [main] INFO  [task-seckill-1787195428059] com.gdou.task.SeckillTask - 秒杀预热 SKU=1301，促销库存=120，时间 Sat Aug 01 00:00:00 CST 2026 ~ Mon Aug 31 23:59:59 CST 2026
2026-08-20 11:10:30.533 [main] INFO  [task-seckill-1787195428059] com.gdou.task.SeckillTask - 秒杀预热 SKU=1701，促销库存=100，时间 Sat Aug 01 00:00:00 CST 2026 ~ Mon Aug 31 23:59:59 CST 2026
2026-08-20 11:10:30.540 [main] INFO  [task-seckill-1787195428059] com.gdou.task.SeckillTask - 秒杀预热 SKU=2101，促销库存=40，时间 Sat Aug 01 00:00:00 CST 2026 ~ Mon Aug 31 23:59:59 CST 2026
2026-08-20 11:10:30.543 [main] INFO  [task-seckill-1787195428059] com.gdou.task.SeckillTask - 秒杀预热 SKU=2501，促销库存=120，时间 Sat Aug 01 00:00:00 CST 2026 ~ Mon Aug 31 23:59:59 CST 2026
2026-08-20 11:10:30.550 [main] INFO  [task-seckill-1787195428059] com.gdou.task.SeckillTask - 秒杀预热 SKU=2801，促销库存=130，时间 Sat Aug 01 00:00:00 CST 2026 ~ Mon Aug 31 23:59:59 CST 2026
2026-08-20 11:10:30.554 [main] INFO  [task-seckill-1787195428059] com.gdou.task.SeckillTask - 秒杀预热 SKU=2901，促销库存=90，时间 Sat Aug 01 00:00:00 CST 2026 ~ Mon Aug 31 23:59:59 CST 2026
2026-08-20 11:10:31.164 [main] INFO  [] o.s.b.a.w.s.WelcomePageHandlerMapping - Adding welcome page: class path resource [static/index.html]
2026-08-20 11:10:31.552 [main] INFO  [] o.a.coyote.http11.Http11NioProtocol - Starting ProtocolHandler ["http-nio-8080"]
2026-08-20 11:10:31.563 [main] INFO  [] o.s.b.w.e.tomcat.TomcatWebServer - Tomcat started on port(s): 8080 (http) with context path ''
2026-08-20 11:10:31.638 [main] INFO  [] o.s.b.w.e.tomcat.TomcatWebServer - Tomcat initialized with port(s): 8081 (http)
2026-08-20 11:10:31.638 [main] INFO  [] o.a.coyote.http11.Http11NioProtocol - Initializing ProtocolHandler ["http-nio-8081"]
2026-08-20 11:10:31.638 [main] INFO  [] o.a.catalina.core.StandardService - Starting service [Tomcat]
2026-08-20 11:10:31.638 [main] INFO  [] o.a.catalina.core.StandardEngine - Starting Servlet engine: [Apache Tomcat/9.0.83]
2026-08-20 11:10:31.666 [main] INFO  [] o.a.c.c.C.[Tomcat-1].[localhost].[/] - Initializing Spring embedded WebApplicationContext
2026-08-20 11:10:31.667 [main] INFO  [] o.s.b.w.s.c.ServletWebServerApplicationContext - Root WebApplicationContext: initialization completed in 98 ms
2026-08-20 11:10:31.677 [main] INFO  [] o.s.b.a.e.web.EndpointLinksResolver - Exposing 3 endpoint(s) beneath base path '/actuator'
2026-08-20 11:10:31.713 [main] INFO  [] o.a.coyote.http11.Http11NioProtocol - Starting ProtocolHandler ["http-nio-8081"]
2026-08-20 11:10:31.716 [main] INFO  [] o.s.b.w.e.tomcat.TomcatWebServer - Tomcat started on port(s): 8081 (http) with context path ''
2026-08-20 11:10:32.103 [main] INFO  [] o.s.a.r.c.CachingConnectionFactory - Attempting to connect to: [192.168.147.131:5672]
2026-08-20 11:10:32.138 [main] INFO  [] o.s.a.r.c.CachingConnectionFactory - Created new connection: rabbitConnectionFactory#247bbfba:0/SimpleConnection@53b83897 [delegate=amqp://guess@192.168.147.131:5672/, localPort= 52507]
2026-08-20 11:10:32.265 [main] INFO  [] c.g.FlashTidyMallProjectApplication - Started FlashTidyMallProjectApplication in 10.008 seconds (JVM running for 12.497)
2026-08-20 11:10:32.288 [scheduling-1] INFO  [task-seckill-1787195432274] com.gdou.task.SeckillTask - 秒杀预热 SKU=101，促销库存=120，时间 Sat Aug 01 00:00:00 CST 2026 ~ Mon Aug 31 23:59:59 CST 2026
2026-08-20 11:10:32.294 [scheduling-1] INFO  [task-seckill-1787195432274] com.gdou.task.SeckillTask - 秒杀预热 SKU=102，促销库存=80，时间 Sat Aug 01 00:00:00 CST 2026 ~ Mon Aug 31 23:59:59 CST 2026
2026-08-20 11:10:32.298 [scheduling-1] INFO  [task-seckill-1787195432274] com.gdou.task.SeckillTask - 秒杀预热 SKU=201，促销库存=300，时间 Sat Aug 01 00:00:00 CST 2026 ~ Mon Aug 31 23:59:59 CST 2026
2026-08-20 11:10:32.303 [scheduling-1] INFO  [task-seckill-1787195432274] com.gdou.task.SeckillTask - 秒杀预热 SKU=301，促销库存=150，时间 Sat Aug 01 00:00:00 CST 2026 ~ Mon Aug 31 23:59:59 CST 2026
2026-08-20 11:10:32.310 [scheduling-1] INFO  [task-seckill-1787195432274] com.gdou.task.SeckillTask - 秒杀预热 SKU=1101，促销库存=180，时间 Sat Aug 01 00:00:00 CST 2026 ~ Mon Aug 31 23:59:59 CST 2026
2026-08-20 11:10:32.315 [scheduling-1] INFO  [task-seckill-1787195432274] com.gdou.task.SeckillTask - 秒杀预热 SKU=1301，促销库存=120，时间 Sat Aug 01 00:00:00 CST 2026 ~ Mon Aug 31 23:59:59 CST 2026
2026-08-20 11:10:32.321 [http-nio-8081-exec-1] INFO  [] o.a.c.c.C.[Tomcat-1].[localhost].[/] - Initializing Spring DispatcherServlet 'dispatcherServlet'
2026-08-20 11:10:32.321 [http-nio-8081-exec-1] INFO  [] o.s.web.servlet.DispatcherServlet - Initializing Servlet 'dispatcherServlet'
2026-08-20 11:10:32.323 [scheduling-1] INFO  [task-seckill-1787195432274] com.gdou.task.SeckillTask - 秒杀预热 SKU=1701，促销库存=100，时间 Sat Aug 01 00:00:00 CST 2026 ~ Mon Aug 31 23:59:59 CST 2026
2026-08-20 11:10:32.323 [http-nio-8081-exec-1] INFO  [] o.s.web.servlet.DispatcherServlet - Completed initialization in 1 ms
2026-08-20 11:10:32.326 [scheduling-1] INFO  [task-seckill-1787195432274] com.gdou.task.SeckillTask - 秒杀预热 SKU=2101，促销库存=40，时间 Sat Aug 01 00:00:00 CST 2026 ~ Mon Aug 31 23:59:59 CST 2026
2026-08-20 11:10:32.333 [scheduling-1] INFO  [task-seckill-1787195432274] com.gdou.task.SeckillTask - 秒杀预热 SKU=2501，促销库存=120，时间 Sat Aug 01 00:00:00 CST 2026 ~ Mon Aug 31 23:59:59 CST 2026
2026-08-20 11:10:32.340 [scheduling-1] INFO  [task-seckill-1787195432274] com.gdou.task.SeckillTask - 秒杀预热 SKU=2801，促销库存=130，时间 Sat Aug 01 00:00:00 CST 2026 ~ Mon Aug 31 23:59:59 CST 2026
2026-08-20 11:10:32.345 [scheduling-1] INFO  [task-seckill-1787195432274] com.gdou.task.SeckillTask - 秒杀预热 SKU=2901，促销库存=90，时间 Sat Aug 01 00:00:00 CST 2026 ~ Mon Aug 31 23:59:59 CST 2026
2026-08-20 11:10:32.584 [RMI TCP Connection(1)-192.168.147.1] INFO  [] o.a.c.c.C.[Tomcat].[localhost].[/] - Initializing Spring DispatcherServlet 'dispatcherServlet'
2026-08-20 11:10:32.585 [RMI TCP Connection(1)-192.168.147.1] INFO  [] o.s.web.servlet.DispatcherServlet - Initializing Servlet 'dispatcherServlet'
2026-08-20 11:10:32.588 [RMI TCP Connection(1)-192.168.147.1] INFO  [] o.s.web.servlet.DispatcherServlet - Completed initialization in 3 ms
2026-08-20 11:10:37.196 [RMI TCP Connection(3)-192.168.147.1] WARN  [] org.elasticsearch.client.RestClient - request [GET http://192.168.147.131:9200/_cluster/health/] returned 1 warnings: [299 Elasticsearch-7.17.22-38e9ca2e81304a821c50862dafab089ca863944b "Elasticsearch built-in security features are not enabled. Without authentication, your cluster could be accessible to anyone. See https://www.elastic.co/guide/en/elasticsearch/reference/7.17/security-minimal-setup.html to enable security."]
2026-08-20 11:11:49.190 [http-nio-8080-exec-2] INFO  [f31ee825541e476b] com.gdou.controller.GoodsController - 用户浏览商品：categoryId=null, keyword=null, page=1
2026-08-20 11:11:49.260 [http-nio-8080-exec-2] WARN  [f31ee825541e476b] org.elasticsearch.client.RestClient - request [POST http://192.168.147.131:9200/spu/_search?typed_keys=true&max_concurrent_shard_requests=5&search_type=query_then_fetch&batched_reduce_size=512] returned 1 warnings: [299 Elasticsearch-7.17.22-38e9ca2e81304a821c50862dafab089ca863944b "Elasticsearch built-in security features are not enabled. Without authentication, your cluster could be accessible to anyone. See https://www.elastic.co/guide/en/elasticsearch/reference/7.17/security-minimal-setup.html to enable security."]
2026-08-20 11:11:51.388 [http-nio-8080-exec-8] INFO  [6701cc28adf749e4] com.gdou.controller.GoodsController - 用户浏览商品：categoryId=null, keyword=null, page=1
2026-08-20 11:11:51.411 [http-nio-8080-exec-8] WARN  [6701cc28adf749e4] org.elasticsearch.client.RestClient - request [POST http://192.168.147.131:9200/spu/_search?typed_keys=true&max_concurrent_shard_requests=5&search_type=query_then_fetch&batched_reduce_size=512] returned 1 warnings: [299 Elasticsearch-7.17.22-38e9ca2e81304a821c50862dafab089ca863944b "Elasticsearch built-in security features are not enabled. Without authentication, your cluster could be accessible to anyone. See https://www.elastic.co/guide/en/elasticsearch/reference/7.17/security-minimal-setup.html to enable security."]
2026-08-20 11:12:38.337 [ForkJoinPool.commonPool-worker-9] WARN  [] org.elasticsearch.client.RestClient - request [POST http://192.168.147.131:9200/spu/_search?typed_keys=true&max_concurrent_shard_requests=5&search_type=query_then_fetch&batched_reduce_size=512] returned 1 warnings: [299 Elasticsearch-7.17.22-38e9ca2e81304a821c50862dafab089ca863944b "Elasticsearch built-in security features are not enabled. Without authentication, your cluster could be accessible to anyone. See https://www.elastic.co/guide/en/elasticsearch/reference/7.17/security-minimal-setup.html to enable security."]
2026-08-20 11:25:28.295 [http-nio-8080-exec-3] INFO  [36a2895a469849a9] c.g.c.user.UserOrderController - 用户2正在查询所有订单
2026-08-20 11:25:28.589 [http-nio-8080-exec-3] INFO  [36a2895a469849a9] c.gdou.service.impl.OrderServiceImpl - 用户2订单共15条
2026-08-20 11:25:33.415 [http-nio-8080-exec-1] INFO  [d6e1f6b5928e4180] c.g.c.user.UserOrderController - 用户2确认收货订单eef25e4a-52fb-42f2-8ef7-7894892df3ec
2026-08-20 11:25:33.545 [http-nio-8080-exec-1] INFO  [d6e1f6b5928e4180] c.gdou.service.impl.OrderServiceImpl - 用户2确认收货订单eef25e4a-52fb-42f2-8ef7-7894892df3ec，订单已完成
2026-08-20 11:25:33.574 [http-nio-8080-exec-6] INFO  [d160150f01e74bdb] c.g.c.user.UserOrderController - 用户2正在查询所有订单
2026-08-20 11:25:33.731 [http-nio-8080-exec-6] INFO  [d160150f01e74bdb] c.gdou.service.impl.OrderServiceImpl - 用户2订单共15条
2026-08-20 11:31:49.392 [org.springframework.amqp.rabbit.RabbitListenerEndpointContainer#0-4] INFO  [] o.s.a.r.l.SimpleMessageListenerContainer - Waiting for workers to finish.
2026-08-20 11:31:49.397 [org.springframework.amqp.rabbit.RabbitListenerEndpointContainer#1-4] INFO  [] o.s.a.r.l.SimpleMessageListenerContainer - Waiting for workers to finish.
2026-08-20 11:31:49.403 [org.springframework.amqp.rabbit.RabbitListenerEndpointContainer#2-4] INFO  [] o.s.a.r.l.SimpleMessageListenerContainer - Waiting for workers to finish.
2026-08-20 11:31:49.723 [org.springframework.amqp.rabbit.RabbitListenerEndpointContainer#0-4] INFO  [] o.s.a.r.l.SimpleMessageListenerContainer - Successfully waited for workers to finish.
2026-08-20 11:31:49.816 [org.springframework.amqp.rabbit.RabbitListenerEndpointContainer#1-4] INFO  [] o.s.a.r.l.SimpleMessageListenerContainer - Successfully waited for workers to finish.
2026-08-20 11:31:49.878 [org.springframework.amqp.rabbit.RabbitListenerEndpointContainer#2-4] INFO  [] o.s.a.r.l.SimpleMessageListenerContainer - Successfully waited for workers to finish.
2026-08-20 11:31:51.849 [SpringApplicationShutdownHook] INFO  [] com.zaxxer.hikari.HikariDataSource - HikariPool-1 - Shutdown initiated...
2026-08-20 11:31:51.861 [SpringApplicationShutdownHook] INFO  [] com.zaxxer.hikari.HikariDataSource - HikariPool-1 - Shutdown completed.
2026-08-20 17:01:56.456 [main] INFO  [] c.g.FlashTidyMallProjectApplication - Starting FlashTidyMallProjectApplication using Java 1.8.0_492 on DESKTOP-PJGE1ML with PID 35624 (D:\hhw-mall-project\Flash_Tidy-mall-project\target\classes started by huanghaiwei in D:\hhw-mall-project)
2026-08-20 17:01:56.457 [background-preinit] INFO  [] o.h.validator.internal.util.Version - HV000001: Hibernate Validator 6.2.5.Final
2026-08-20 17:01:56.459 [main] INFO  [] c.g.FlashTidyMallProjectApplication - No active profile set, falling back to 1 default profile: "default"
2026-08-20 17:01:58.148 [main] INFO  [] o.s.d.r.c.RepositoryConfigurationDelegate - Multiple Spring Data modules found, entering strict repository configuration mode
2026-08-20 17:01:58.150 [main] INFO  [] o.s.d.r.c.RepositoryConfigurationDelegate - Bootstrapping Spring Data Elasticsearch repositories in DEFAULT mode.
2026-08-20 17:01:58.183 [main] INFO  [] o.s.d.r.c.RepositoryConfigurationDelegate - Finished Spring Data repository scanning in 27 ms. Found 0 Elasticsearch repository interfaces.
2026-08-20 17:01:58.187 [main] INFO  [] o.s.d.r.c.RepositoryConfigurationDelegate - Multiple Spring Data modules found, entering strict repository configuration mode
2026-08-20 17:01:58.187 [main] INFO  [] o.s.d.r.c.RepositoryConfigurationDelegate - Bootstrapping Spring Data Reactive Elasticsearch repositories in DEFAULT mode.
2026-08-20 17:01:58.202 [main] INFO  [] o.s.d.r.c.RepositoryConfigurationDelegate - Finished Spring Data repository scanning in 13 ms. Found 0 Reactive Elasticsearch repository interfaces.
2026-08-20 17:01:58.209 [main] INFO  [] o.s.d.r.c.RepositoryConfigurationDelegate - Multiple Spring Data modules found, entering strict repository configuration mode
2026-08-20 17:01:58.211 [main] INFO  [] o.s.d.r.c.RepositoryConfigurationDelegate - Bootstrapping Spring Data Redis repositories in DEFAULT mode.
2026-08-20 17:01:58.232 [main] INFO  [] o.s.d.r.c.RepositoryConfigurationDelegate - Finished Spring Data repository scanning in 12 ms. Found 0 Redis repository interfaces.
2026-08-20 17:01:58.961 [main] INFO  [] o.s.b.w.e.tomcat.TomcatWebServer - Tomcat initialized with port(s): 8080 (http)
2026-08-20 17:01:58.969 [main] INFO  [] o.a.coyote.http11.Http11NioProtocol - Initializing ProtocolHandler ["http-nio-8080"]
2026-08-20 17:01:58.970 [main] INFO  [] o.a.catalina.core.StandardService - Starting service [Tomcat]
2026-08-20 17:01:58.970 [main] INFO  [] o.a.catalina.core.StandardEngine - Starting Servlet engine: [Apache Tomcat/9.0.83]
2026-08-20 17:01:59.140 [main] INFO  [] o.a.c.c.C.[Tomcat].[localhost].[/] - Initializing Spring embedded WebApplicationContext
2026-08-20 17:01:59.140 [main] INFO  [] o.s.b.w.s.c.ServletWebServerApplicationContext - Root WebApplicationContext: initialization completed in 2631 ms
2026-08-20 17:02:01.972 [I/O dispatcher 1] WARN  [] org.elasticsearch.client.RestClient - request [GET http://192.168.147.131:9200/] returned 1 warnings: [299 Elasticsearch-7.17.22-38e9ca2e81304a821c50862dafab089ca863944b "Elasticsearch built-in security features are not enabled. Without authentication, your cluster could be accessible to anyone. See https://www.elastic.co/guide/en/elasticsearch/reference/7.17/security-minimal-setup.html to enable security."]
2026-08-20 17:02:02.073 [main] WARN  [task-es-init-1787216521755] org.elasticsearch.client.RestClient - request [HEAD http://192.168.147.131:9200/spu] returned 1 warnings: [299 Elasticsearch-7.17.22-38e9ca2e81304a821c50862dafab089ca863944b "Elasticsearch built-in security features are not enabled. Without authentication, your cluster could be accessible to anyone. See https://www.elastic.co/guide/en/elasticsearch/reference/7.17/security-minimal-setup.html to enable security."]
2026-08-20 17:02:02.333 [main] WARN  [task-es-init-1787216521755] org.elasticsearch.client.RestClient - request [POST http://192.168.147.131:9200/spu/_search?typed_keys=true&max_concurrent_shard_requests=5&search_type=query_then_fetch&batched_reduce_size=512] returned 1 warnings: [299 Elasticsearch-7.17.22-38e9ca2e81304a821c50862dafab089ca863944b "Elasticsearch built-in security features are not enabled. Without authentication, your cluster could be accessible to anyone. See https://www.elastic.co/guide/en/elasticsearch/reference/7.17/security-minimal-setup.html to enable security."]
2026-08-20 17:02:02.339 [main] INFO  [task-es-init-1787216521755] com.gdou.task.EsSyncTask - 当前ES已有文档，跳过全量同步
2026-08-20 17:02:02.394 [main] INFO  [task-seckill-1787216522343] com.zaxxer.hikari.HikariDataSource - HikariPool-1 - Starting...
2026-08-20 17:02:02.696 [main] INFO  [task-seckill-1787216522343] com.zaxxer.hikari.HikariDataSource - HikariPool-1 - Start completed.
2026-08-20 17:02:05.194 [main] INFO  [task-seckill-1787216522343] com.gdou.task.SeckillTask - 秒杀预热 SKU=101，促销库存=120，时间 Sat Aug 01 00:00:00 CST 2026 ~ Mon Aug 31 23:59:59 CST 2026
2026-08-20 17:02:05.201 [main] INFO  [task-seckill-1787216522343] com.gdou.task.SeckillTask - 秒杀预热 SKU=102，促销库存=80，时间 Sat Aug 01 00:00:00 CST 2026 ~ Mon Aug 31 23:59:59 CST 2026
2026-08-20 17:02:05.208 [main] INFO  [task-seckill-1787216522343] com.gdou.task.SeckillTask - 秒杀预热 SKU=201，促销库存=300，时间 Sat Aug 01 00:00:00 CST 2026 ~ Mon Aug 31 23:59:59 CST 2026
2026-08-20 17:02:05.214 [main] INFO  [task-seckill-1787216522343] com.gdou.task.SeckillTask - 秒杀预热 SKU=301，促销库存=150，时间 Sat Aug 01 00:00:00 CST 2026 ~ Mon Aug 31 23:59:59 CST 2026
2026-08-20 17:02:05.219 [main] INFO  [task-seckill-1787216522343] com.gdou.task.SeckillTask - 秒杀预热 SKU=1101，促销库存=180，时间 Sat Aug 01 00:00:00 CST 2026 ~ Mon Aug 31 23:59:59 CST 2026
2026-08-20 17:02:05.224 [main] INFO  [task-seckill-1787216522343] com.gdou.task.SeckillTask - 秒杀预热 SKU=1301，促销库存=120，时间 Sat Aug 01 00:00:00 CST 2026 ~ Mon Aug 31 23:59:59 CST 2026
2026-08-20 17:02:05.228 [main] INFO  [task-seckill-1787216522343] com.gdou.task.SeckillTask - 秒杀预热 SKU=1701，促销库存=100，时间 Sat Aug 01 00:00:00 CST 2026 ~ Mon Aug 31 23:59:59 CST 2026
2026-08-20 17:02:05.232 [main] INFO  [task-seckill-1787216522343] com.gdou.task.SeckillTask - 秒杀预热 SKU=2101，促销库存=40，时间 Sat Aug 01 00:00:00 CST 2026 ~ Mon Aug 31 23:59:59 CST 2026
2026-08-20 17:02:05.237 [main] INFO  [task-seckill-1787216522343] com.gdou.task.SeckillTask - 秒杀预热 SKU=2501，促销库存=120，时间 Sat Aug 01 00:00:00 CST 2026 ~ Mon Aug 31 23:59:59 CST 2026
2026-08-20 17:02:05.248 [main] INFO  [task-seckill-1787216522343] com.gdou.task.SeckillTask - 秒杀预热 SKU=2801，促销库存=130，时间 Sat Aug 01 00:00:00 CST 2026 ~ Mon Aug 31 23:59:59 CST 2026
2026-08-20 17:02:05.254 [main] INFO  [task-seckill-1787216522343] com.gdou.task.SeckillTask - 秒杀预热 SKU=2901，促销库存=90，时间 Sat Aug 01 00:00:00 CST 2026 ~ Mon Aug 31 23:59:59 CST 2026
2026-08-20 17:02:05.963 [main] INFO  [] o.s.b.a.w.s.WelcomePageHandlerMapping - Adding welcome page: class path resource [static/index.html]
2026-08-20 17:02:06.377 [main] INFO  [] o.a.coyote.http11.Http11NioProtocol - Starting ProtocolHandler ["http-nio-8080"]
2026-08-20 17:02:06.388 [main] INFO  [] o.s.b.w.e.tomcat.TomcatWebServer - Tomcat started on port(s): 8080 (http) with context path ''
2026-08-20 17:02:06.467 [main] INFO  [] o.s.b.w.e.tomcat.TomcatWebServer - Tomcat initialized with port(s): 8081 (http)
2026-08-20 17:02:06.468 [main] INFO  [] o.a.coyote.http11.Http11NioProtocol - Initializing ProtocolHandler ["http-nio-8081"]
2026-08-20 17:02:06.468 [main] INFO  [] o.a.catalina.core.StandardService - Starting service [Tomcat]
2026-08-20 17:02:06.468 [main] INFO  [] o.a.catalina.core.StandardEngine - Starting Servlet engine: [Apache Tomcat/9.0.83]
2026-08-20 17:02:06.497 [main] INFO  [] o.a.c.c.C.[Tomcat-1].[localhost].[/] - Initializing Spring embedded WebApplicationContext
2026-08-20 17:02:06.497 [main] INFO  [] o.s.b.w.s.c.ServletWebServerApplicationContext - Root WebApplicationContext: initialization completed in 104 ms
2026-08-20 17:02:06.506 [main] INFO  [] o.s.b.a.e.web.EndpointLinksResolver - Exposing 3 endpoint(s) beneath base path '/actuator'
2026-08-20 17:02:06.541 [main] INFO  [] o.a.coyote.http11.Http11NioProtocol - Starting ProtocolHandler ["http-nio-8081"]
2026-08-20 17:02:06.545 [main] INFO  [] o.s.b.w.e.tomcat.TomcatWebServer - Tomcat started on port(s): 8081 (http) with context path ''
2026-08-20 17:02:06.953 [main] INFO  [] o.s.a.r.c.CachingConnectionFactory - Attempting to connect to: [192.168.147.131:5672]
2026-08-20 17:02:07.044 [main] INFO  [] o.s.a.r.c.CachingConnectionFactory - Created new connection: rabbitConnectionFactory#6f2d3391:0/SimpleConnection@3a678e40 [delegate=amqp://guess@192.168.147.131:5672/, localPort= 52535]
2026-08-20 17:02:07.273 [main] INFO  [] c.g.FlashTidyMallProjectApplication - Started FlashTidyMallProjectApplication in 11.329 seconds (JVM running for 14.072)
2026-08-20 17:02:07.296 [scheduling-1] INFO  [task-seckill-1787216527281] com.gdou.task.SeckillTask - 秒杀预热 SKU=101，促销库存=120，时间 Sat Aug 01 00:00:00 CST 2026 ~ Mon Aug 31 23:59:59 CST 2026
2026-08-20 17:02:07.301 [scheduling-1] INFO  [task-seckill-1787216527281] com.gdou.task.SeckillTask - 秒杀预热 SKU=102，促销库存=80，时间 Sat Aug 01 00:00:00 CST 2026 ~ Mon Aug 31 23:59:59 CST 2026
2026-08-20 17:02:07.304 [scheduling-1] INFO  [task-seckill-1787216527281] com.gdou.task.SeckillTask - 秒杀预热 SKU=201，促销库存=300，时间 Sat Aug 01 00:00:00 CST 2026 ~ Mon Aug 31 23:59:59 CST 2026
2026-08-20 17:02:07.309 [scheduling-1] INFO  [task-seckill-1787216527281] com.gdou.task.SeckillTask - 秒杀预热 SKU=301，促销库存=150，时间 Sat Aug 01 00:00:00 CST 2026 ~ Mon Aug 31 23:59:59 CST 2026
2026-08-20 17:02:07.313 [scheduling-1] INFO  [task-seckill-1787216527281] com.gdou.task.SeckillTask - 秒杀预热 SKU=1101，促销库存=180，时间 Sat Aug 01 00:00:00 CST 2026 ~ Mon Aug 31 23:59:59 CST 2026
2026-08-20 17:02:07.317 [scheduling-1] INFO  [task-seckill-1787216527281] com.gdou.task.SeckillTask - 秒杀预热 SKU=1301，促销库存=120，时间 Sat Aug 01 00:00:00 CST 2026 ~ Mon Aug 31 23:59:59 CST 2026
2026-08-20 17:02:07.321 [scheduling-1] INFO  [task-seckill-1787216527281] com.gdou.task.SeckillTask - 秒杀预热 SKU=1701，促销库存=100，时间 Sat Aug 01 00:00:00 CST 2026 ~ Mon Aug 31 23:59:59 CST 2026
2026-08-20 17:02:07.324 [scheduling-1] INFO  [task-seckill-1787216527281] com.gdou.task.SeckillTask - 秒杀预热 SKU=2101，促销库存=40，时间 Sat Aug 01 00:00:00 CST 2026 ~ Mon Aug 31 23:59:59 CST 2026
2026-08-20 17:02:07.328 [scheduling-1] INFO  [task-seckill-1787216527281] com.gdou.task.SeckillTask - 秒杀预热 SKU=2501，促销库存=120，时间 Sat Aug 01 00:00:00 CST 2026 ~ Mon Aug 31 23:59:59 CST 2026
2026-08-20 17:02:07.333 [scheduling-1] INFO  [task-seckill-1787216527281] com.gdou.task.SeckillTask - 秒杀预热 SKU=2801，促销库存=130，时间 Sat Aug 01 00:00:00 CST 2026 ~ Mon Aug 31 23:59:59 CST 2026
2026-08-20 17:02:07.337 [scheduling-1] INFO  [task-seckill-1787216527281] com.gdou.task.SeckillTask - 秒杀预热 SKU=2901，促销库存=90，时间 Sat Aug 01 00:00:00 CST 2026 ~ Mon Aug 31 23:59:59 CST 2026
2026-08-20 17:02:09.307 [RMI TCP Connection(1)-192.168.147.1] INFO  [] o.a.c.c.C.[Tomcat].[localhost].[/] - Initializing Spring DispatcherServlet 'dispatcherServlet'
2026-08-20 17:02:09.307 [RMI TCP Connection(1)-192.168.147.1] INFO  [] o.s.web.servlet.DispatcherServlet - Initializing Servlet 'dispatcherServlet'
2026-08-20 17:02:09.313 [RMI TCP Connection(1)-192.168.147.1] INFO  [] o.s.web.servlet.DispatcherServlet - Completed initialization in 6 ms
2026-08-20 17:02:09.520 [RMI TCP Connection(2)-192.168.147.1] WARN  [] org.elasticsearch.client.RestClient - request [GET http://192.168.147.131:9200/_cluster/health/] returned 1 warnings: [299 Elasticsearch-7.17.22-38e9ca2e81304a821c50862dafab089ca863944b "Elasticsearch built-in security features are not enabled. Without authentication, your cluster could be accessible to anyone. See https://www.elastic.co/guide/en/elasticsearch/reference/7.17/security-minimal-setup.html to enable security."]
2026-08-20 17:02:10.396 [http-nio-8081-exec-1] INFO  [] o.a.c.c.C.[Tomcat-1].[localhost].[/] - Initializing Spring DispatcherServlet 'dispatcherServlet'
2026-08-20 17:02:10.396 [http-nio-8081-exec-1] INFO  [] o.s.web.servlet.DispatcherServlet - Initializing Servlet 'dispatcherServlet'
2026-08-20 17:02:10.396 [http-nio-8081-exec-1] INFO  [] o.s.web.servlet.DispatcherServlet - Completed initialization in 0 ms
2026-08-20 17:02:19.326 [http-nio-8080-exec-5] WARN  [50a85f1a3d2142b3] com.gdou.inteceptor.JwtInterceptor - JWT 校验失败或已过期，拦截请求: /hhw/user/order/queryList
2026-08-20 17:02:21.854 [http-nio-8080-exec-1] INFO  [2fee4db77fb34618] com.gdou.controller.GoodsController - 用户浏览商品：categoryId=null, keyword=null, page=1
2026-08-20 17:02:22.168 [http-nio-8080-exec-1] WARN  [2fee4db77fb34618] org.elasticsearch.client.RestClient - request [POST http://192.168.147.131:9200/spu/_search?typed_keys=true&max_concurrent_shard_requests=5&search_type=query_then_fetch&batched_reduce_size=512] returned 1 warnings: [299 Elasticsearch-7.17.22-38e9ca2e81304a821c50862dafab089ca863944b "Elasticsearch built-in security features are not enabled. Without authentication, your cluster could be accessible to anyone. See https://www.elastic.co/guide/en/elasticsearch/reference/7.17/security-minimal-setup.html to enable security."]
2026-08-20 17:02:38.868 [ForkJoinPool.commonPool-worker-9] WARN  [] org.elasticsearch.client.RestClient - request [POST http://192.168.147.131:9200/spu/_search?typed_keys=true&max_concurrent_shard_requests=5&search_type=query_then_fetch&batched_reduce_size=512] returned 1 warnings: [299 Elasticsearch-7.17.22-38e9ca2e81304a821c50862dafab089ca863944b "Elasticsearch built-in security features are not enabled. Without authentication, your cluster could be accessible to anyone. See https://www.elastic.co/guide/en/elasticsearch/reference/7.17/security-minimal-setup.html to enable security."]
2026-08-20 17:03:27.660 [ForkJoinPool.commonPool-worker-2] WARN  [] org.elasticsearch.client.RestClient - request [POST http://192.168.147.131:9200/spu/_search?typed_keys=true&max_concurrent_shard_requests=5&search_type=query_then_fetch&batched_reduce_size=512] returned 1 warnings: [299 Elasticsearch-7.17.22-38e9ca2e81304a821c50862dafab089ca863944b "Elasticsearch built-in security features are not enabled. Without authentication, your cluster could be accessible to anyone. See https://www.elastic.co/guide/en/elasticsearch/reference/7.17/security-minimal-setup.html to enable security."]
2026-08-20 17:05:56.188 [org.springframework.amqp.rabbit.RabbitListenerEndpointContainer#0-4] INFO  [] o.s.a.r.l.SimpleMessageListenerContainer - Waiting for workers to finish.
2026-08-20 17:05:56.193 [org.springframework.amqp.rabbit.RabbitListenerEndpointContainer#1-4] INFO  [] o.s.a.r.l.SimpleMessageListenerContainer - Waiting for workers to finish.
2026-08-20 17:05:56.199 [org.springframework.amqp.rabbit.RabbitListenerEndpointContainer#2-4] INFO  [] o.s.a.r.l.SimpleMessageListenerContainer - Waiting for workers to finish.
2026-08-20 17:05:56.333 [org.springframework.amqp.rabbit.RabbitListenerEndpointContainer#0-4] INFO  [] o.s.a.r.l.SimpleMessageListenerContainer - Successfully waited for workers to finish.
2026-08-20 17:05:56.396 [org.springframework.amqp.rabbit.RabbitListenerEndpointContainer#1-4] INFO  [] o.s.a.r.l.SimpleMessageListenerContainer - Successfully waited for workers to finish.
2026-08-20 17:05:56.442 [org.springframework.amqp.rabbit.RabbitListenerEndpointContainer#2-4] INFO  [] o.s.a.r.l.SimpleMessageListenerContainer - Successfully waited for workers to finish.
2026-08-20 17:05:58.247 [SpringApplicationShutdownHook] INFO  [] com.zaxxer.hikari.HikariDataSource - HikariPool-1 - Shutdown initiated...
2026-08-20 17:05:58.258 [SpringApplicationShutdownHook] INFO  [] com.zaxxer.hikari.HikariDataSource - HikariPool-1 - Shutdown completed.
2026-08-20 17:06:20.580 [background-preinit] INFO  [] o.h.validator.internal.util.Version - HV000001: Hibernate Validator 6.2.5.Final
2026-08-20 17:06:20.580 [main] INFO  [] c.g.FlashTidyMallProjectApplication - Starting FlashTidyMallProjectApplication using Java 1.8.0_492 on DESKTOP-PJGE1ML with PID 35104 (D:\hhw-mall-project\Flash_Tidy-mall-project\target\classes started by huanghaiwei in D:\hhw-mall-project)
2026-08-20 17:06:20.582 [main] INFO  [] c.g.FlashTidyMallProjectApplication - No active profile set, falling back to 1 default profile: "default"
2026-08-20 17:06:22.109 [main] INFO  [] o.s.d.r.c.RepositoryConfigurationDelegate - Multiple Spring Data modules found, entering strict repository configuration mode
2026-08-20 17:06:22.112 [main] INFO  [] o.s.d.r.c.RepositoryConfigurationDelegate - Bootstrapping Spring Data Elasticsearch repositories in DEFAULT mode.
2026-08-20 17:06:22.136 [main] INFO  [] o.s.d.r.c.RepositoryConfigurationDelegate - Finished Spring Data repository scanning in 20 ms. Found 0 Elasticsearch repository interfaces.
2026-08-20 17:06:22.140 [main] INFO  [] o.s.d.r.c.RepositoryConfigurationDelegate - Multiple Spring Data modules found, entering strict repository configuration mode
2026-08-20 17:06:22.141 [main] INFO  [] o.s.d.r.c.RepositoryConfigurationDelegate - Bootstrapping Spring Data Reactive Elasticsearch repositories in DEFAULT mode.
2026-08-20 17:06:22.153 [main] INFO  [] o.s.d.r.c.RepositoryConfigurationDelegate - Finished Spring Data repository scanning in 12 ms. Found 0 Reactive Elasticsearch repository interfaces.
2026-08-20 17:06:22.161 [main] INFO  [] o.s.d.r.c.RepositoryConfigurationDelegate - Multiple Spring Data modules found, entering strict repository configuration mode
2026-08-20 17:06:22.161 [main] INFO  [] o.s.d.r.c.RepositoryConfigurationDelegate - Bootstrapping Spring Data Redis repositories in DEFAULT mode.
2026-08-20 17:06:22.181 [main] INFO  [] o.s.d.r.c.RepositoryConfigurationDelegate - Finished Spring Data repository scanning in 11 ms. Found 0 Redis repository interfaces.
2026-08-20 17:06:22.829 [main] INFO  [] o.s.b.w.e.tomcat.TomcatWebServer - Tomcat initialized with port(s): 8080 (http)
2026-08-20 17:06:22.836 [main] INFO  [] o.a.coyote.http11.Http11NioProtocol - Initializing ProtocolHandler ["http-nio-8080"]
2026-08-20 17:06:22.837 [main] INFO  [] o.a.catalina.core.StandardService - Starting service [Tomcat]
2026-08-20 17:06:22.837 [main] INFO  [] o.a.catalina.core.StandardEngine - Starting Servlet engine: [Apache Tomcat/9.0.83]
2026-08-20 17:06:22.999 [main] INFO  [] o.a.c.c.C.[Tomcat].[localhost].[/] - Initializing Spring embedded WebApplicationContext
2026-08-20 17:06:22.999 [main] INFO  [] o.s.b.w.s.c.ServletWebServerApplicationContext - Root WebApplicationContext: initialization completed in 2366 ms
2026-08-20 17:06:25.720 [I/O dispatcher 1] WARN  [] org.elasticsearch.client.RestClient - request [GET http://192.168.147.131:9200/] returned 1 warnings: [299 Elasticsearch-7.17.22-38e9ca2e81304a821c50862dafab089ca863944b "Elasticsearch built-in security features are not enabled. Without authentication, your cluster could be accessible to anyone. See https://www.elastic.co/guide/en/elasticsearch/reference/7.17/security-minimal-setup.html to enable security."]
2026-08-20 17:06:25.737 [main] WARN  [task-es-init-1787216785617] org.elasticsearch.client.RestClient - request [HEAD http://192.168.147.131:9200/spu] returned 1 warnings: [299 Elasticsearch-7.17.22-38e9ca2e81304a821c50862dafab089ca863944b "Elasticsearch built-in security features are not enabled. Without authentication, your cluster could be accessible to anyone. See https://www.elastic.co/guide/en/elasticsearch/reference/7.17/security-minimal-setup.html to enable security."]
2026-08-20 17:06:25.830 [main] WARN  [task-es-init-1787216785617] org.elasticsearch.client.RestClient - request [POST http://192.168.147.131:9200/spu/_search?typed_keys=true&max_concurrent_shard_requests=5&search_type=query_then_fetch&batched_reduce_size=512] returned 1 warnings: [299 Elasticsearch-7.17.22-38e9ca2e81304a821c50862dafab089ca863944b "Elasticsearch built-in security features are not enabled. Without authentication, your cluster could be accessible to anyone. See https://www.elastic.co/guide/en/elasticsearch/reference/7.17/security-minimal-setup.html to enable security."]
2026-08-20 17:06:25.836 [main] INFO  [task-es-init-1787216785617] com.gdou.task.EsSyncTask - 当前ES已有文档，跳过全量同步
2026-08-20 17:06:25.889 [main] INFO  [task-seckill-1787216785841] com.zaxxer.hikari.HikariDataSource - HikariPool-1 - Starting...
2026-08-20 17:06:26.101 [main] INFO  [task-seckill-1787216785841] com.zaxxer.hikari.HikariDataSource - HikariPool-1 - Start completed.
2026-08-20 17:06:28.215 [main] INFO  [task-seckill-1787216785841] com.gdou.task.SeckillTask - 秒杀预热 SKU=101，促销库存=120，时间 Sat Aug 01 00:00:00 CST 2026 ~ Mon Aug 31 23:59:59 CST 2026
2026-08-20 17:06:28.220 [main] INFO  [task-seckill-1787216785841] com.gdou.task.SeckillTask - 秒杀预热 SKU=102，促销库存=80，时间 Sat Aug 01 00:00:00 CST 2026 ~ Mon Aug 31 23:59:59 CST 2026
2026-08-20 17:06:28.224 [main] INFO  [task-seckill-1787216785841] com.gdou.task.SeckillTask - 秒杀预热 SKU=201，促销库存=300，时间 Sat Aug 01 00:00:00 CST 2026 ~ Mon Aug 31 23:59:59 CST 2026
2026-08-20 17:06:28.230 [main] INFO  [task-seckill-1787216785841] com.gdou.task.SeckillTask - 秒杀预热 SKU=301，促销库存=150，时间 Sat Aug 01 00:00:00 CST 2026 ~ Mon Aug 31 23:59:59 CST 2026
2026-08-20 17:06:28.235 [main] INFO  [task-seckill-1787216785841] com.gdou.task.SeckillTask - 秒杀预热 SKU=1101，促销库存=180，时间 Sat Aug 01 00:00:00 CST 2026 ~ Mon Aug 31 23:59:59 CST 2026
2026-08-20 17:06:28.238 [main] INFO  [task-seckill-1787216785841] com.gdou.task.SeckillTask - 秒杀预热 SKU=1301，促销库存=120，时间 Sat Aug 01 00:00:00 CST 2026 ~ Mon Aug 31 23:59:59 CST 2026
2026-08-20 17:06:28.245 [main] INFO  [task-seckill-1787216785841] com.gdou.task.SeckillTask - 秒杀预热 SKU=1701，促销库存=100，时间 Sat Aug 01 00:00:00 CST 2026 ~ Mon Aug 31 23:59:59 CST 2026
2026-08-20 17:06:28.249 [main] INFO  [task-seckill-1787216785841] com.gdou.task.SeckillTask - 秒杀预热 SKU=2101，促销库存=40，时间 Sat Aug 01 00:00:00 CST 2026 ~ Mon Aug 31 23:59:59 CST 2026
2026-08-20 17:06:28.257 [main] INFO  [task-seckill-1787216785841] com.gdou.task.SeckillTask - 秒杀预热 SKU=2501，促销库存=120，时间 Sat Aug 01 00:00:00 CST 2026 ~ Mon Aug 31 23:59:59 CST 2026
2026-08-20 17:06:28.264 [main] INFO  [task-seckill-1787216785841] com.gdou.task.SeckillTask - 秒杀预热 SKU=2801，促销库存=130，时间 Sat Aug 01 00:00:00 CST 2026 ~ Mon Aug 31 23:59:59 CST 2026
2026-08-20 17:06:28.267 [main] INFO  [task-seckill-1787216785841] com.gdou.task.SeckillTask - 秒杀预热 SKU=2901，促销库存=90，时间 Sat Aug 01 00:00:00 CST 2026 ~ Mon Aug 31 23:59:59 CST 2026
2026-08-20 17:06:28.869 [main] INFO  [] o.s.b.a.w.s.WelcomePageHandlerMapping - Adding welcome page: class path resource [static/index.html]
2026-08-20 17:06:29.237 [main] INFO  [] o.a.coyote.http11.Http11NioProtocol - Starting ProtocolHandler ["http-nio-8080"]
2026-08-20 17:06:29.249 [main] INFO  [] o.s.b.w.e.tomcat.TomcatWebServer - Tomcat started on port(s): 8080 (http) with context path ''
2026-08-20 17:06:29.322 [main] INFO  [] o.s.b.w.e.tomcat.TomcatWebServer - Tomcat initialized with port(s): 8081 (http)
2026-08-20 17:06:29.322 [main] INFO  [] o.a.coyote.http11.Http11NioProtocol - Initializing ProtocolHandler ["http-nio-8081"]
2026-08-20 17:06:29.323 [main] INFO  [] o.a.catalina.core.StandardService - Starting service [Tomcat]
2026-08-20 17:06:29.323 [main] INFO  [] o.a.catalina.core.StandardEngine - Starting Servlet engine: [Apache Tomcat/9.0.83]
2026-08-20 17:06:29.351 [main] INFO  [] o.a.c.c.C.[Tomcat-1].[localhost].[/] - Initializing Spring embedded WebApplicationContext
2026-08-20 17:06:29.351 [main] INFO  [] o.s.b.w.s.c.ServletWebServerApplicationContext - Root WebApplicationContext: initialization completed in 97 ms
2026-08-20 17:06:29.365 [main] INFO  [] o.s.b.a.e.web.EndpointLinksResolver - Exposing 3 endpoint(s) beneath base path '/actuator'
2026-08-20 17:06:29.401 [main] INFO  [] o.a.coyote.http11.Http11NioProtocol - Starting ProtocolHandler ["http-nio-8081"]
2026-08-20 17:06:29.405 [main] INFO  [] o.s.b.w.e.tomcat.TomcatWebServer - Tomcat started on port(s): 8081 (http) with context path ''
2026-08-20 17:06:29.784 [main] INFO  [] o.s.a.r.c.CachingConnectionFactory - Attempting to connect to: [192.168.147.131:5672]
2026-08-20 17:06:29.825 [main] INFO  [] o.s.a.r.c.CachingConnectionFactory - Created new connection: rabbitConnectionFactory#3e753289:0/SimpleConnection@3e729d46 [delegate=amqp://guess@192.168.147.131:5672/, localPort= 61441]
2026-08-20 17:06:29.955 [main] INFO  [] c.g.FlashTidyMallProjectApplication - Started FlashTidyMallProjectApplication in 9.876 seconds (JVM running for 12.739)
2026-08-20 17:06:29.974 [scheduling-1] INFO  [task-seckill-1787216789962] com.gdou.task.SeckillTask - 秒杀预热 SKU=101，促销库存=120，时间 Sat Aug 01 00:00:00 CST 2026 ~ Mon Aug 31 23:59:59 CST 2026
2026-08-20 17:06:29.979 [scheduling-1] INFO  [task-seckill-1787216789962] com.gdou.task.SeckillTask - 秒杀预热 SKU=102，促销库存=80，时间 Sat Aug 01 00:00:00 CST 2026 ~ Mon Aug 31 23:59:59 CST 2026
2026-08-20 17:06:29.982 [scheduling-1] INFO  [task-seckill-1787216789962] com.gdou.task.SeckillTask - 秒杀预热 SKU=201，促销库存=300，时间 Sat Aug 01 00:00:00 CST 2026 ~ Mon Aug 31 23:59:59 CST 2026
2026-08-20 17:06:29.986 [scheduling-1] INFO  [task-seckill-1787216789962] com.gdou.task.SeckillTask - 秒杀预热 SKU=301，促销库存=150，时间 Sat Aug 01 00:00:00 CST 2026 ~ Mon Aug 31 23:59:59 CST 2026
2026-08-20 17:06:29.991 [scheduling-1] INFO  [task-seckill-1787216789962] com.gdou.task.SeckillTask - 秒杀预热 SKU=1101，促销库存=180，时间 Sat Aug 01 00:00:00 CST 2026 ~ Mon Aug 31 23:59:59 CST 2026
2026-08-20 17:06:29.997 [scheduling-1] INFO  [task-seckill-1787216789962] com.gdou.task.SeckillTask - 秒杀预热 SKU=1301，促销库存=120，时间 Sat Aug 01 00:00:00 CST 2026 ~ Mon Aug 31 23:59:59 CST 2026
2026-08-20 17:06:30.002 [scheduling-1] INFO  [task-seckill-1787216789962] com.gdou.task.SeckillTask - 秒杀预热 SKU=1701，促销库存=100，时间 Sat Aug 01 00:00:00 CST 2026 ~ Mon Aug 31 23:59:59 CST 2026
2026-08-20 17:06:30.007 [scheduling-1] INFO  [task-seckill-1787216789962] com.gdou.task.SeckillTask - 秒杀预热 SKU=2101，促销库存=40，时间 Sat Aug 01 00:00:00 CST 2026 ~ Mon Aug 31 23:59:59 CST 2026
2026-08-20 17:06:30.011 [scheduling-1] INFO  [task-seckill-1787216789962] com.gdou.task.SeckillTask - 秒杀预热 SKU=2501，促销库存=120，时间 Sat Aug 01 00:00:00 CST 2026 ~ Mon Aug 31 23:59:59 CST 2026
2026-08-20 17:06:30.018 [scheduling-1] INFO  [task-seckill-1787216789962] com.gdou.task.SeckillTask - 秒杀预热 SKU=2801，促销库存=130，时间 Sat Aug 01 00:00:00 CST 2026 ~ Mon Aug 31 23:59:59 CST 2026
2026-08-20 17:06:30.022 [scheduling-1] INFO  [task-seckill-1787216789962] com.gdou.task.SeckillTask - 秒杀预热 SKU=2901，促销库存=90，时间 Sat Aug 01 00:00:00 CST 2026 ~ Mon Aug 31 23:59:59 CST 2026
2026-08-20 17:06:32.217 [RMI TCP Connection(1)-192.168.147.1] INFO  [] o.a.c.c.C.[Tomcat].[localhost].[/] - Initializing Spring DispatcherServlet 'dispatcherServlet'
2026-08-20 17:06:32.218 [RMI TCP Connection(1)-192.168.147.1] INFO  [] o.s.web.servlet.DispatcherServlet - Initializing Servlet 'dispatcherServlet'
2026-08-20 17:06:32.225 [RMI TCP Connection(1)-192.168.147.1] INFO  [] o.s.web.servlet.DispatcherServlet - Completed initialization in 7 ms
2026-08-20 17:06:32.241 [RMI TCP Connection(2)-192.168.147.1] WARN  [] org.elasticsearch.client.RestClient - request [GET http://192.168.147.131:9200/_cluster/health/] returned 1 warnings: [299 Elasticsearch-7.17.22-38e9ca2e81304a821c50862dafab089ca863944b "Elasticsearch built-in security features are not enabled. Without authentication, your cluster could be accessible to anyone. See https://www.elastic.co/guide/en/elasticsearch/reference/7.17/security-minimal-setup.html to enable security."]
2026-08-20 17:06:33.714 [http-nio-8081-exec-1] INFO  [] o.a.c.c.C.[Tomcat-1].[localhost].[/] - Initializing Spring DispatcherServlet 'dispatcherServlet'
2026-08-20 17:06:33.714 [http-nio-8081-exec-1] INFO  [] o.s.web.servlet.DispatcherServlet - Initializing Servlet 'dispatcherServlet'
2026-08-20 17:06:33.715 [http-nio-8081-exec-1] INFO  [] o.s.web.servlet.DispatcherServlet - Completed initialization in 1 ms
2026-08-20 17:07:00.954 [ForkJoinPool.commonPool-worker-9] WARN  [] org.elasticsearch.client.RestClient - request [POST http://192.168.147.131:9200/spu/_search?typed_keys=true&max_concurrent_shard_requests=5&search_type=query_then_fetch&batched_reduce_size=512] returned 1 warnings: [299 Elasticsearch-7.17.22-38e9ca2e81304a821c50862dafab089ca863944b "Elasticsearch built-in security features are not enabled. Without authentication, your cluster could be accessible to anyone. See https://www.elastic.co/guide/en/elasticsearch/reference/7.17/security-minimal-setup.html to enable security."]
2026-08-20 17:09:41.685 [http-nio-8080-exec-8] INFO  [e07c98f9e681469d] com.gdou.controller.GoodsController - 用户浏览商品：categoryId=null, keyword=耳机, page=1
2026-08-20 17:09:43.148 [http-nio-8080-exec-8] WARN  [e07c98f9e681469d] org.elasticsearch.client.RestClient - request [POST http://192.168.147.131:9200/spu/_search?typed_keys=true&max_concurrent_shard_requests=5&search_type=query_then_fetch&batched_reduce_size=512] returned 1 warnings: [299 Elasticsearch-7.17.22-38e9ca2e81304a821c50862dafab089ca863944b "Elasticsearch built-in security features are not enabled. Without authentication, your cluster could be accessible to anyone. See https://www.elastic.co/guide/en/elasticsearch/reference/7.17/security-minimal-setup.html to enable security."]
2026-08-20 17:10:04.348 [http-nio-8080-exec-5] INFO  [405661b3b9044fe3] com.gdou.controller.GoodsController - 用户浏览商品：categoryId=null, keyword=耳机, page=1
2026-08-20 17:10:04.375 [http-nio-8080-exec-5] WARN  [405661b3b9044fe3] org.elasticsearch.client.RestClient - request [POST http://192.168.147.131:9200/spu/_search?typed_keys=true&max_concurrent_shard_requests=5&search_type=query_then_fetch&batched_reduce_size=512] returned 1 warnings: [299 Elasticsearch-7.17.22-38e9ca2e81304a821c50862dafab089ca863944b "Elasticsearch built-in security features are not enabled. Without authentication, your cluster could be accessible to anyone. See https://www.elastic.co/guide/en/elasticsearch/reference/7.17/security-minimal-setup.html to enable security."]
2026-08-20 17:15:21.988 [HikariPool-1 housekeeper] WARN  [] com.zaxxer.hikari.pool.HikariPool - HikariPool-1 - Thread starvation or clock leap detected (housekeeper delta=1m25s654ms868µs700ns).
2026-08-20 17:15:47.161 [ForkJoinPool.commonPool-worker-11] WARN  [] org.elasticsearch.client.RestClient - request [POST http://192.168.147.131:9200/spu/_search?typed_keys=true&max_concurrent_shard_requests=5&search_type=query_then_fetch&batched_reduce_size=512] returned 1 warnings: [299 Elasticsearch-7.17.22-38e9ca2e81304a821c50862dafab089ca863944b "Elasticsearch built-in security features are not enabled. Without authentication, your cluster could be accessible to anyone. See https://www.elastic.co/guide/en/elasticsearch/reference/7.17/security-minimal-setup.html to enable security."]
2026-08-20 17:16:22.147 [http-nio-8080-exec-3] INFO  [687632580b094644] com.gdou.controller.GoodsController - 用户查看商品详情：spuId=27
2026-08-20 17:16:22.177 [http-nio-8080-exec-3] INFO  [687632580b094644] com.gdou.service.impl.SpuServiceImpl - 用户查看商品详情：spuId=27
2026-08-20 17:21:32.898 [http-nio-8080-exec-6] INFO  [d40e06d07dc34306] com.gdou.controller.GoodsController - 用户浏览商品：categoryId=null, keyword=耳机, page=1
2026-08-20 17:21:32.929 [http-nio-8080-exec-6] WARN  [d40e06d07dc34306] org.elasticsearch.client.RestClient - request [POST http://192.168.147.131:9200/spu/_search?typed_keys=true&max_concurrent_shard_requests=5&search_type=query_then_fetch&batched_reduce_size=512] returned 1 warnings: [299 Elasticsearch-7.17.22-38e9ca2e81304a821c50862dafab089ca863944b "Elasticsearch built-in security features are not enabled. Without authentication, your cluster could be accessible to anyone. See https://www.elastic.co/guide/en/elasticsearch/reference/7.17/security-minimal-setup.html to enable security."]
2026-08-20 17:25:23.486 [HikariPool-1 housekeeper] WARN  [] com.zaxxer.hikari.pool.HikariPool - HikariPool-1 - Thread starvation or clock leap detected (housekeeper delta=2m31s367ms241µs200ns).
2026-08-20 17:33:35.965 [org.springframework.amqp.rabbit.RabbitListenerEndpointContainer#0-4] INFO  [] o.s.a.r.l.SimpleMessageListenerContainer - Waiting for workers to finish.
2026-08-20 17:33:35.969 [org.springframework.amqp.rabbit.RabbitListenerEndpointContainer#1-4] INFO  [] o.s.a.r.l.SimpleMessageListenerContainer - Waiting for workers to finish.
2026-08-20 17:33:35.976 [org.springframework.amqp.rabbit.RabbitListenerEndpointContainer#2-4] INFO  [] o.s.a.r.l.SimpleMessageListenerContainer - Waiting for workers to finish.
2026-08-20 17:33:36.493 [org.springframework.amqp.rabbit.RabbitListenerEndpointContainer#1-4] INFO  [] o.s.a.r.l.SimpleMessageListenerContainer - Successfully waited for workers to finish.
2026-08-20 17:33:36.494 [org.springframework.amqp.rabbit.RabbitListenerEndpointContainer#0-4] INFO  [] o.s.a.r.l.SimpleMessageListenerContainer - Successfully waited for workers to finish.
2026-08-20 17:33:36.494 [org.springframework.amqp.rabbit.RabbitListenerEndpointContainer#2-4] INFO  [] o.s.a.r.l.SimpleMessageListenerContainer - Successfully waited for workers to finish.
2026-08-20 17:33:38.371 [SpringApplicationShutdownHook] INFO  [] com.zaxxer.hikari.HikariDataSource - HikariPool-1 - Shutdown initiated...
2026-08-20 17:33:38.388 [SpringApplicationShutdownHook] INFO  [] com.zaxxer.hikari.HikariDataSource - HikariPool-1 - Shutdown completed.
2026-08-20 17:33:51.315 [main] INFO  [] c.g.FlashTidyMallProjectApplication - Starting FlashTidyMallProjectApplication using Java 1.8.0_492 on DESKTOP-PJGE1ML with PID 3448 (D:\hhw-mall-project\Flash_Tidy-mall-project\target\classes started by huanghaiwei in D:\hhw-mall-project)
2026-08-20 17:33:51.317 [background-preinit] INFO  [] o.h.validator.internal.util.Version - HV000001: Hibernate Validator 6.2.5.Final
2026-08-20 17:33:51.319 [main] INFO  [] c.g.FlashTidyMallProjectApplication - No active profile set, falling back to 1 default profile: "default"
2026-08-20 17:33:52.923 [main] INFO  [] o.s.d.r.c.RepositoryConfigurationDelegate - Multiple Spring Data modules found, entering strict repository configuration mode
2026-08-20 17:33:52.925 [main] INFO  [] o.s.d.r.c.RepositoryConfigurationDelegate - Bootstrapping Spring Data Elasticsearch repositories in DEFAULT mode.
2026-08-20 17:33:52.955 [main] INFO  [] o.s.d.r.c.RepositoryConfigurationDelegate - Finished Spring Data repository scanning in 25 ms. Found 0 Elasticsearch repository interfaces.
2026-08-20 17:33:52.959 [main] INFO  [] o.s.d.r.c.RepositoryConfigurationDelegate - Multiple Spring Data modules found, entering strict repository configuration mode
2026-08-20 17:33:52.960 [main] INFO  [] o.s.d.r.c.RepositoryConfigurationDelegate - Bootstrapping Spring Data Reactive Elasticsearch repositories in DEFAULT mode.
2026-08-20 17:33:52.974 [main] INFO  [] o.s.d.r.c.RepositoryConfigurationDelegate - Finished Spring Data repository scanning in 13 ms. Found 0 Reactive Elasticsearch repository interfaces.
2026-08-20 17:33:52.983 [main] INFO  [] o.s.d.r.c.RepositoryConfigurationDelegate - Multiple Spring Data modules found, entering strict repository configuration mode
2026-08-20 17:33:52.985 [main] INFO  [] o.s.d.r.c.RepositoryConfigurationDelegate - Bootstrapping Spring Data Redis repositories in DEFAULT mode.
2026-08-20 17:33:53.005 [main] INFO  [] o.s.d.r.c.RepositoryConfigurationDelegate - Finished Spring Data repository scanning in 12 ms. Found 0 Redis repository interfaces.
2026-08-20 17:33:54.075 [main] INFO  [] o.s.b.w.e.tomcat.TomcatWebServer - Tomcat initialized with port(s): 8080 (http)
2026-08-20 17:33:54.084 [main] INFO  [] o.a.coyote.http11.Http11NioProtocol - Initializing ProtocolHandler ["http-nio-8080"]
2026-08-20 17:33:54.086 [main] INFO  [] o.a.catalina.core.StandardService - Starting service [Tomcat]
2026-08-20 17:33:54.087 [main] INFO  [] o.a.catalina.core.StandardEngine - Starting Servlet engine: [Apache Tomcat/9.0.83]
2026-08-20 17:33:54.279 [main] INFO  [] o.a.c.c.C.[Tomcat].[localhost].[/] - Initializing Spring embedded WebApplicationContext
2026-08-20 17:33:54.279 [main] INFO  [] o.s.b.w.s.c.ServletWebServerApplicationContext - Root WebApplicationContext: initialization completed in 2910 ms
2026-08-20 17:33:57.162 [I/O dispatcher 1] WARN  [] org.elasticsearch.client.RestClient - request [GET http://192.168.147.131:9200/] returned 1 warnings: [299 Elasticsearch-7.17.22-38e9ca2e81304a821c50862dafab089ca863944b "Elasticsearch built-in security features are not enabled. Without authentication, your cluster could be accessible to anyone. See https://www.elastic.co/guide/en/elasticsearch/reference/7.17/security-minimal-setup.html to enable security."]
2026-08-20 17:33:57.178 [main] WARN  [task-es-init-1787218437070] org.elasticsearch.client.RestClient - request [HEAD http://192.168.147.131:9200/spu] returned 1 warnings: [299 Elasticsearch-7.17.22-38e9ca2e81304a821c50862dafab089ca863944b "Elasticsearch built-in security features are not enabled. Without authentication, your cluster could be accessible to anyone. See https://www.elastic.co/guide/en/elasticsearch/reference/7.17/security-minimal-setup.html to enable security."]
2026-08-20 17:33:57.247 [main] WARN  [task-es-init-1787218437070] org.elasticsearch.client.RestClient - request [POST http://192.168.147.131:9200/spu/_search?typed_keys=true&max_concurrent_shard_requests=5&search_type=query_then_fetch&batched_reduce_size=512] returned 1 warnings: [299 Elasticsearch-7.17.22-38e9ca2e81304a821c50862dafab089ca863944b "Elasticsearch built-in security features are not enabled. Without authentication, your cluster could be accessible to anyone. See https://www.elastic.co/guide/en/elasticsearch/reference/7.17/security-minimal-setup.html to enable security."]
2026-08-20 17:33:57.253 [main] INFO  [task-es-init-1787218437070] com.gdou.task.EsSyncTask - 当前ES已有文档，跳过全量同步
2026-08-20 17:33:57.306 [main] INFO  [task-seckill-1787218437256] com.zaxxer.hikari.HikariDataSource - HikariPool-1 - Starting...
2026-08-20 17:33:57.542 [main] INFO  [task-seckill-1787218437256] com.zaxxer.hikari.HikariDataSource - HikariPool-1 - Start completed.
2026-08-20 17:33:59.839 [main] INFO  [task-seckill-1787218437256] com.gdou.task.SeckillTask - 秒杀预热 SKU=101，促销库存=120，时间 Sat Aug 01 00:00:00 CST 2026 ~ Mon Aug 31 23:59:59 CST 2026
2026-08-20 17:33:59.846 [main] INFO  [task-seckill-1787218437256] com.gdou.task.SeckillTask - 秒杀预热 SKU=102，促销库存=80，时间 Sat Aug 01 00:00:00 CST 2026 ~ Mon Aug 31 23:59:59 CST 2026
2026-08-20 17:33:59.853 [main] INFO  [task-seckill-1787218437256] com.gdou.task.SeckillTask - 秒杀预热 SKU=201，促销库存=300，时间 Sat Aug 01 00:00:00 CST 2026 ~ Mon Aug 31 23:59:59 CST 2026
2026-08-20 17:33:59.858 [main] INFO  [task-seckill-1787218437256] com.gdou.task.SeckillTask - 秒杀预热 SKU=301，促销库存=150，时间 Sat Aug 01 00:00:00 CST 2026 ~ Mon Aug 31 23:59:59 CST 2026
2026-08-20 17:33:59.864 [main] INFO  [task-seckill-1787218437256] com.gdou.task.SeckillTask - 秒杀预热 SKU=1101，促销库存=180，时间 Sat Aug 01 00:00:00 CST 2026 ~ Mon Aug 31 23:59:59 CST 2026
2026-08-20 17:33:59.869 [main] INFO  [task-seckill-1787218437256] com.gdou.task.SeckillTask - 秒杀预热 SKU=1301，促销库存=120，时间 Sat Aug 01 00:00:00 CST 2026 ~ Mon Aug 31 23:59:59 CST 2026
2026-08-20 17:33:59.873 [main] INFO  [task-seckill-1787218437256] com.gdou.task.SeckillTask - 秒杀预热 SKU=1701，促销库存=100，时间 Sat Aug 01 00:00:00 CST 2026 ~ Mon Aug 31 23:59:59 CST 2026
2026-08-20 17:33:59.879 [main] INFO  [task-seckill-1787218437256] com.gdou.task.SeckillTask - 秒杀预热 SKU=2101，促销库存=40，时间 Sat Aug 01 00:00:00 CST 2026 ~ Mon Aug 31 23:59:59 CST 2026
2026-08-20 17:33:59.883 [main] INFO  [task-seckill-1787218437256] com.gdou.task.SeckillTask - 秒杀预热 SKU=2501，促销库存=120，时间 Sat Aug 01 00:00:00 CST 2026 ~ Mon Aug 31 23:59:59 CST 2026
2026-08-20 17:33:59.890 [main] INFO  [task-seckill-1787218437256] com.gdou.task.SeckillTask - 秒杀预热 SKU=2801，促销库存=130，时间 Sat Aug 01 00:00:00 CST 2026 ~ Mon Aug 31 23:59:59 CST 2026
2026-08-20 17:33:59.894 [main] INFO  [task-seckill-1787218437256] com.gdou.task.SeckillTask - 秒杀预热 SKU=2901，促销库存=90，时间 Sat Aug 01 00:00:00 CST 2026 ~ Mon Aug 31 23:59:59 CST 2026
2026-08-20 17:34:00.530 [main] INFO  [] o.s.b.a.w.s.WelcomePageHandlerMapping - Adding welcome page: class path resource [static/index.html]
2026-08-20 17:34:00.906 [main] INFO  [] o.a.coyote.http11.Http11NioProtocol - Starting ProtocolHandler ["http-nio-8080"]
2026-08-20 17:34:00.917 [main] INFO  [] o.s.b.w.e.tomcat.TomcatWebServer - Tomcat started on port(s): 8080 (http) with context path ''
2026-08-20 17:34:00.998 [main] INFO  [] o.s.b.w.e.tomcat.TomcatWebServer - Tomcat initialized with port(s): 8081 (http)
2026-08-20 17:34:00.998 [main] INFO  [] o.a.coyote.http11.Http11NioProtocol - Initializing ProtocolHandler ["http-nio-8081"]
2026-08-20 17:34:00.999 [main] INFO  [] o.a.catalina.core.StandardService - Starting service [Tomcat]
2026-08-20 17:34:00.999 [main] INFO  [] o.a.catalina.core.StandardEngine - Starting Servlet engine: [Apache Tomcat/9.0.83]
2026-08-20 17:34:01.028 [main] INFO  [] o.a.c.c.C.[Tomcat-1].[localhost].[/] - Initializing Spring embedded WebApplicationContext
2026-08-20 17:34:01.028 [main] INFO  [] o.s.b.w.s.c.ServletWebServerApplicationContext - Root WebApplicationContext: initialization completed in 105 ms
2026-08-20 17:34:01.038 [main] INFO  [] o.s.b.a.e.web.EndpointLinksResolver - Exposing 3 endpoint(s) beneath base path '/actuator'
2026-08-20 17:34:01.077 [main] INFO  [] o.a.coyote.http11.Http11NioProtocol - Starting ProtocolHandler ["http-nio-8081"]
2026-08-20 17:34:01.080 [main] INFO  [] o.s.b.w.e.tomcat.TomcatWebServer - Tomcat started on port(s): 8081 (http) with context path ''
2026-08-20 17:34:01.480 [main] INFO  [] o.s.a.r.c.CachingConnectionFactory - Attempting to connect to: [192.168.147.131:5672]
2026-08-20 17:34:01.519 [main] INFO  [] o.s.a.r.c.CachingConnectionFactory - Created new connection: rabbitConnectionFactory#2d2fc130:0/SimpleConnection@309b8144 [delegate=amqp://guess@192.168.147.131:5672/, localPort= 61129]
2026-08-20 17:34:01.655 [main] INFO  [] c.g.FlashTidyMallProjectApplication - Started FlashTidyMallProjectApplication in 10.897 seconds (JVM running for 13.682)
2026-08-20 17:34:01.677 [scheduling-1] INFO  [task-seckill-1787218441664] com.gdou.task.SeckillTask - 秒杀预热 SKU=101，促销库存=120，时间 Sat Aug 01 00:00:00 CST 2026 ~ Mon Aug 31 23:59:59 CST 2026
2026-08-20 17:34:01.683 [scheduling-1] INFO  [task-seckill-1787218441664] com.gdou.task.SeckillTask - 秒杀预热 SKU=102，促销库存=80，时间 Sat Aug 01 00:00:00 CST 2026 ~ Mon Aug 31 23:59:59 CST 2026
2026-08-20 17:34:01.689 [scheduling-1] INFO  [task-seckill-1787218441664] com.gdou.task.SeckillTask - 秒杀预热 SKU=201，促销库存=300，时间 Sat Aug 01 00:00:00 CST 2026 ~ Mon Aug 31 23:59:59 CST 2026
2026-08-20 17:34:01.695 [scheduling-1] INFO  [task-seckill-1787218441664] com.gdou.task.SeckillTask - 秒杀预热 SKU=301，促销库存=150，时间 Sat Aug 01 00:00:00 CST 2026 ~ Mon Aug 31 23:59:59 CST 2026
2026-08-20 17:34:01.700 [scheduling-1] INFO  [task-seckill-1787218441664] com.gdou.task.SeckillTask - 秒杀预热 SKU=1101，促销库存=180，时间 Sat Aug 01 00:00:00 CST 2026 ~ Mon Aug 31 23:59:59 CST 2026
2026-08-20 17:34:01.706 [scheduling-1] INFO  [task-seckill-1787218441664] com.gdou.task.SeckillTask - 秒杀预热 SKU=1301，促销库存=120，时间 Sat Aug 01 00:00:00 CST 2026 ~ Mon Aug 31 23:59:59 CST 2026
2026-08-20 17:34:01.713 [scheduling-1] INFO  [task-seckill-1787218441664] com.gdou.task.SeckillTask - 秒杀预热 SKU=1701，促销库存=100，时间 Sat Aug 01 00:00:00 CST 2026 ~ Mon Aug 31 23:59:59 CST 2026
2026-08-20 17:34:01.718 [scheduling-1] INFO  [task-seckill-1787218441664] com.gdou.task.SeckillTask - 秒杀预热 SKU=2101，促销库存=40，时间 Sat Aug 01 00:00:00 CST 2026 ~ Mon Aug 31 23:59:59 CST 2026
2026-08-20 17:34:01.723 [scheduling-1] INFO  [task-seckill-1787218441664] com.gdou.task.SeckillTask - 秒杀预热 SKU=2501，促销库存=120，时间 Sat Aug 01 00:00:00 CST 2026 ~ Mon Aug 31 23:59:59 CST 2026
2026-08-20 17:34:01.730 [scheduling-1] INFO  [task-seckill-1787218441664] com.gdou.task.SeckillTask - 秒杀预热 SKU=2801，促销库存=130，时间 Sat Aug 01 00:00:00 CST 2026 ~ Mon Aug 31 23:59:59 CST 2026
2026-08-20 17:34:01.735 [scheduling-1] INFO  [task-seckill-1787218441664] com.gdou.task.SeckillTask - 秒杀预热 SKU=2901，促销库存=90，时间 Sat Aug 01 00:00:00 CST 2026 ~ Mon Aug 31 23:59:59 CST 2026
2026-08-20 17:34:03.338 [http-nio-8081-exec-1] INFO  [] o.a.c.c.C.[Tomcat-1].[localhost].[/] - Initializing Spring DispatcherServlet 'dispatcherServlet'
2026-08-20 17:34:03.338 [http-nio-8081-exec-1] INFO  [] o.s.web.servlet.DispatcherServlet - Initializing Servlet 'dispatcherServlet'
2026-08-20 17:34:03.340 [http-nio-8081-exec-1] INFO  [] o.s.web.servlet.DispatcherServlet - Completed initialization in 2 ms
2026-08-20 17:34:03.705 [RMI TCP Connection(1)-192.168.147.1] INFO  [] o.a.c.c.C.[Tomcat].[localhost].[/] - Initializing Spring DispatcherServlet 'dispatcherServlet'
2026-08-20 17:34:03.706 [RMI TCP Connection(1)-192.168.147.1] INFO  [] o.s.web.servlet.DispatcherServlet - Initializing Servlet 'dispatcherServlet'
2026-08-20 17:34:03.710 [RMI TCP Connection(1)-192.168.147.1] INFO  [] o.s.web.servlet.DispatcherServlet - Completed initialization in 4 ms
2026-08-20 17:34:03.718 [RMI TCP Connection(2)-192.168.147.1] WARN  [] org.elasticsearch.client.RestClient - request [GET http://192.168.147.131:9200/_cluster/health/] returned 1 warnings: [299 Elasticsearch-7.17.22-38e9ca2e81304a821c50862dafab089ca863944b "Elasticsearch built-in security features are not enabled. Without authentication, your cluster could be accessible to anyone. See https://www.elastic.co/guide/en/elasticsearch/reference/7.17/security-minimal-setup.html to enable security."]
2026-08-20 17:40:58.419 [http-nio-8080-exec-5] INFO  [68b0c899668f4040] com.gdou.controller.GoodsController - 用户查看商品详情：spuId=27
2026-08-20 17:40:58.463 [http-nio-8080-exec-5] INFO  [68b0c899668f4040] com.gdou.service.impl.SpuServiceImpl - 用户查看商品详情：spuId=27
2026-08-20 17:41:01.283 [http-nio-8080-exec-4] INFO  [2a1021a92817482f] com.gdou.controller.GoodsController - 用户浏览商品：categoryId=null, keyword=null, page=1
2026-08-20 17:41:01.347 [http-nio-8080-exec-4] WARN  [2a1021a92817482f] org.elasticsearch.client.RestClient - request [POST http://192.168.147.131:9200/spu/_search?typed_keys=true&max_concurrent_shard_requests=5&search_type=query_then_fetch&batched_reduce_size=512] returned 1 warnings: [299 Elasticsearch-7.17.22-38e9ca2e81304a821c50862dafab089ca863944b "Elasticsearch built-in security features are not enabled. Without authentication, your cluster could be accessible to anyone. See https://www.elastic.co/guide/en/elasticsearch/reference/7.17/security-minimal-setup.html to enable security."]
2026-08-20 17:41:11.940 [ForkJoinPool.commonPool-worker-9] WARN  [] org.elasticsearch.client.RestClient - request [POST http://192.168.147.131:9200/spu/_search?typed_keys=true&max_concurrent_shard_requests=5&search_type=query_then_fetch&batched_reduce_size=512] returned 1 warnings: [299 Elasticsearch-7.17.22-38e9ca2e81304a821c50862dafab089ca863944b "Elasticsearch built-in security features are not enabled. Without authentication, your cluster could be accessible to anyone. See https://www.elastic.co/guide/en/elasticsearch/reference/7.17/security-minimal-setup.html to enable security."]
2026-08-20 17:41:32.627 [ForkJoinPool.commonPool-worker-9] WARN  [] org.elasticsearch.client.RestClient - request [POST http://192.168.147.131:9200/spu/_search?typed_keys=true&max_concurrent_shard_requests=5&search_type=query_then_fetch&batched_reduce_size=512] returned 1 warnings: [299 Elasticsearch-7.17.22-38e9ca2e81304a821c50862dafab089ca863944b "Elasticsearch built-in security features are not enabled. Without authentication, your cluster could be accessible to anyone. See https://www.elastic.co/guide/en/elasticsearch/reference/7.17/security-minimal-setup.html to enable security."]
2026-08-20 17:43:47.459 [http-nio-8080-exec-7] WARN  [9df3542a9cdb47bd] com.gdou.inteceptor.JwtInterceptor - JWT 缺失，拦截请求: /hhw/assistant/chat
2026-08-20 17:46:45.862 [ForkJoinPool.commonPool-worker-2] WARN  [] org.elasticsearch.client.RestClient - request [POST http://192.168.147.131:9200/spu/_search?typed_keys=true&max_concurrent_shard_requests=5&search_type=query_then_fetch&batched_reduce_size=512] returned 1 warnings: [299 Elasticsearch-7.17.22-38e9ca2e81304a821c50862dafab089ca863944b "Elasticsearch built-in security features are not enabled. Without authentication, your cluster could be accessible to anyone. See https://www.elastic.co/guide/en/elasticsearch/reference/7.17/security-minimal-setup.html to enable security."]
2026-08-20 17:47:09.015 [http-nio-8080-exec-6] INFO  [9317a92fb34544ed] com.gdou.controller.GoodsController - 用户浏览商品：categoryId=null, keyword=null, page=1
2026-08-20 17:47:09.033 [http-nio-8080-exec-6] WARN  [9317a92fb34544ed] org.elasticsearch.client.RestClient - request [POST http://192.168.147.131:9200/spu/_search?typed_keys=true&max_concurrent_shard_requests=5&search_type=query_then_fetch&batched_reduce_size=512] returned 1 warnings: [299 Elasticsearch-7.17.22-38e9ca2e81304a821c50862dafab089ca863944b "Elasticsearch built-in security features are not enabled. Without authentication, your cluster could be accessible to anyone. See https://www.elastic.co/guide/en/elasticsearch/reference/7.17/security-minimal-setup.html to enable security."]
2026-08-20 17:47:13.751 [http-nio-8080-exec-9] INFO  [45f311005ec44a21] com.gdou.controller.GoodsController - 用户浏览商品：categoryId=null, keyword=null, page=1
2026-08-20 17:47:13.766 [http-nio-8080-exec-9] WARN  [45f311005ec44a21] org.elasticsearch.client.RestClient - request [POST http://192.168.147.131:9200/spu/_search?typed_keys=true&max_concurrent_shard_requests=5&search_type=query_then_fetch&batched_reduce_size=512] returned 1 warnings: [299 Elasticsearch-7.17.22-38e9ca2e81304a821c50862dafab089ca863944b "Elasticsearch built-in security features are not enabled. Without authentication, your cluster could be accessible to anyone. See https://www.elastic.co/guide/en/elasticsearch/reference/7.17/security-minimal-setup.html to enable security."]
2026-08-20 17:47:27.219 [http-nio-8080-exec-4] INFO  [fb39b1522b494df7] com.gdou.controller.GoodsController - 用户浏览商品：categoryId=null, keyword=null, page=1
2026-08-20 17:47:27.233 [http-nio-8080-exec-4] WARN  [fb39b1522b494df7] org.elasticsearch.client.RestClient - request [POST http://192.168.147.131:9200/spu/_search?typed_keys=true&max_concurrent_shard_requests=5&search_type=query_then_fetch&batched_reduce_size=512] returned 1 warnings: [299 Elasticsearch-7.17.22-38e9ca2e81304a821c50862dafab089ca863944b "Elasticsearch built-in security features are not enabled. Without authentication, your cluster could be accessible to anyone. See https://www.elastic.co/guide/en/elasticsearch/reference/7.17/security-minimal-setup.html to enable security."]
2026-08-20 17:47:35.081 [ForkJoinPool.commonPool-worker-11] WARN  [] org.elasticsearch.client.RestClient - request [POST http://192.168.147.131:9200/spu/_search?typed_keys=true&max_concurrent_shard_requests=5&search_type=query_then_fetch&batched_reduce_size=512] returned 1 warnings: [299 Elasticsearch-7.17.22-38e9ca2e81304a821c50862dafab089ca863944b "Elasticsearch built-in security features are not enabled. Without authentication, your cluster could be accessible to anyone. See https://www.elastic.co/guide/en/elasticsearch/reference/7.17/security-minimal-setup.html to enable security."]
2026-08-20 18:08:00.838 [HikariPool-1 housekeeper] WARN  [] com.zaxxer.hikari.pool.HikariPool - HikariPool-1 - Thread starvation or clock leap detected (housekeeper delta=1m29s623ms415µs400ns).
2026-08-20 19:15:02.018 [HikariPool-1 housekeeper] WARN  [] com.zaxxer.hikari.pool.HikariPool - HikariPool-1 - Thread starvation or clock leap detected (housekeeper delta=1h2m1s93ms758µs600ns).
2026-08-20 19:22:44.244 [HikariPool-1 housekeeper] WARN  [] com.zaxxer.hikari.pool.HikariPool - HikariPool-1 - Thread starvation or clock leap detected (housekeeper delta=5m12s192ms366µs).
2026-08-20 19:24:27.819 [org.springframework.amqp.rabbit.RabbitListenerEndpointContainer#0-4] INFO  [] o.s.a.r.l.SimpleMessageListenerContainer - Waiting for workers to finish.
2026-08-20 19:24:27.825 [org.springframework.amqp.rabbit.RabbitListenerEndpointContainer#1-4] INFO  [] o.s.a.r.l.SimpleMessageListenerContainer - Waiting for workers to finish.
2026-08-20 19:24:27.835 [org.springframework.amqp.rabbit.RabbitListenerEndpointContainer#2-4] INFO  [] o.s.a.r.l.SimpleMessageListenerContainer - Waiting for workers to finish.
2026-08-20 19:24:27.987 [org.springframework.amqp.rabbit.RabbitListenerEndpointContainer#2-4] INFO  [] o.s.a.r.l.SimpleMessageListenerContainer - Successfully waited for workers to finish.
2026-08-20 19:24:28.046 [org.springframework.amqp.rabbit.RabbitListenerEndpointContainer#1-4] INFO  [] o.s.a.r.l.SimpleMessageListenerContainer - Successfully waited for workers to finish.
2026-08-20 19:24:28.309 [org.springframework.amqp.rabbit.RabbitListenerEndpointContainer#0-4] INFO  [] o.s.a.r.l.SimpleMessageListenerContainer - Successfully waited for workers to finish.
2026-08-20 19:24:30.226 [SpringApplicationShutdownHook] INFO  [] com.zaxxer.hikari.HikariDataSource - HikariPool-1 - Shutdown initiated...
2026-08-20 19:24:30.233 [SpringApplicationShutdownHook] INFO  [] com.zaxxer.hikari.HikariDataSource - HikariPool-1 - Shutdown completed.
2026-08-20 19:24:42.230 [background-preinit] INFO  [] o.h.validator.internal.util.Version - HV000001: Hibernate Validator 6.2.5.Final
2026-08-20 19:24:42.230 [main] INFO  [] c.g.FlashTidyMallProjectApplication - Starting FlashTidyMallProjectApplication using Java 1.8.0_492 on DESKTOP-PJGE1ML with PID 22280 (D:\hhw-mall-project\Flash_Tidy-mall-project\target\classes started by huanghaiwei in D:\hhw-mall-project)
2026-08-20 19:24:42.233 [main] INFO  [] c.g.FlashTidyMallProjectApplication - No active profile set, falling back to 1 default profile: "default"
2026-08-20 19:24:43.758 [main] INFO  [] o.s.d.r.c.RepositoryConfigurationDelegate - Multiple Spring Data modules found, entering strict repository configuration mode
2026-08-20 19:24:43.760 [main] INFO  [] o.s.d.r.c.RepositoryConfigurationDelegate - Bootstrapping Spring Data Elasticsearch repositories in DEFAULT mode.
2026-08-20 19:24:43.791 [main] INFO  [] o.s.d.r.c.RepositoryConfigurationDelegate - Finished Spring Data repository scanning in 25 ms. Found 0 Elasticsearch repository interfaces.
2026-08-20 19:24:43.793 [main] INFO  [] o.s.d.r.c.RepositoryConfigurationDelegate - Multiple Spring Data modules found, entering strict repository configuration mode
2026-08-20 19:24:43.795 [main] INFO  [] o.s.d.r.c.RepositoryConfigurationDelegate - Bootstrapping Spring Data Reactive Elasticsearch repositories in DEFAULT mode.
2026-08-20 19:24:43.808 [main] INFO  [] o.s.d.r.c.RepositoryConfigurationDelegate - Finished Spring Data repository scanning in 13 ms. Found 0 Reactive Elasticsearch repository interfaces.
2026-08-20 19:24:43.817 [main] INFO  [] o.s.d.r.c.RepositoryConfigurationDelegate - Multiple Spring Data modules found, entering strict repository configuration mode
2026-08-20 19:24:43.820 [main] INFO  [] o.s.d.r.c.RepositoryConfigurationDelegate - Bootstrapping Spring Data Redis repositories in DEFAULT mode.
2026-08-20 19:24:43.843 [main] INFO  [] o.s.d.r.c.RepositoryConfigurationDelegate - Finished Spring Data repository scanning in 13 ms. Found 0 Redis repository interfaces.
2026-08-20 19:24:44.503 [main] INFO  [] o.s.b.w.e.tomcat.TomcatWebServer - Tomcat initialized with port(s): 8080 (http)
2026-08-20 19:24:44.511 [main] INFO  [] o.a.coyote.http11.Http11NioProtocol - Initializing ProtocolHandler ["http-nio-8080"]
2026-08-20 19:24:44.512 [main] INFO  [] o.a.catalina.core.StandardService - Starting service [Tomcat]
2026-08-20 19:24:44.512 [main] INFO  [] o.a.catalina.core.StandardEngine - Starting Servlet engine: [Apache Tomcat/9.0.83]
2026-08-20 19:24:44.677 [main] INFO  [] o.a.c.c.C.[Tomcat].[localhost].[/] - Initializing Spring embedded WebApplicationContext
2026-08-20 19:24:44.677 [main] INFO  [] o.s.b.w.s.c.ServletWebServerApplicationContext - Root WebApplicationContext: initialization completed in 2396 ms
2026-08-20 19:24:47.287 [I/O dispatcher 1] WARN  [] org.elasticsearch.client.RestClient - request [GET http://192.168.147.131:9200/] returned 1 warnings: [299 Elasticsearch-7.17.22-38e9ca2e81304a821c50862dafab089ca863944b "Elasticsearch built-in security features are not enabled. Without authentication, your cluster could be accessible to anyone. See https://www.elastic.co/guide/en/elasticsearch/reference/7.17/security-minimal-setup.html to enable security."]
2026-08-20 19:24:47.312 [main] WARN  [task-es-init-1787225087191] org.elasticsearch.client.RestClient - request [HEAD http://192.168.147.131:9200/spu] returned 1 warnings: [299 Elasticsearch-7.17.22-38e9ca2e81304a821c50862dafab089ca863944b "Elasticsearch built-in security features are not enabled. Without authentication, your cluster could be accessible to anyone. See https://www.elastic.co/guide/en/elasticsearch/reference/7.17/security-minimal-setup.html to enable security."]
2026-08-20 19:24:47.385 [main] WARN  [task-es-init-1787225087191] org.elasticsearch.client.RestClient - request [POST http://192.168.147.131:9200/spu/_search?typed_keys=true&max_concurrent_shard_requests=5&search_type=query_then_fetch&batched_reduce_size=512] returned 1 warnings: [299 Elasticsearch-7.17.22-38e9ca2e81304a821c50862dafab089ca863944b "Elasticsearch built-in security features are not enabled. Without authentication, your cluster could be accessible to anyone. See https://www.elastic.co/guide/en/elasticsearch/reference/7.17/security-minimal-setup.html to enable security."]
2026-08-20 19:24:47.392 [main] INFO  [task-es-init-1787225087191] com.gdou.task.EsSyncTask - 当前ES已有文档，跳过全量同步
2026-08-20 19:24:47.446 [main] INFO  [task-seckill-1787225087394] com.zaxxer.hikari.HikariDataSource - HikariPool-1 - Starting...
2026-08-20 19:24:47.692 [main] INFO  [task-seckill-1787225087394] com.zaxxer.hikari.HikariDataSource - HikariPool-1 - Start completed.
2026-08-20 19:24:50.014 [main] INFO  [task-seckill-1787225087394] com.gdou.task.SeckillTask - 秒杀预热 SKU=101，促销库存=120，时间 Sat Aug 01 00:00:00 CST 2026 ~ Mon Aug 31 23:59:59 CST 2026
2026-08-20 19:24:50.020 [main] INFO  [task-seckill-1787225087394] com.gdou.task.SeckillTask - 秒杀预热 SKU=102，促销库存=80，时间 Sat Aug 01 00:00:00 CST 2026 ~ Mon Aug 31 23:59:59 CST 2026
2026-08-20 19:24:50.025 [main] INFO  [task-seckill-1787225087394] com.gdou.task.SeckillTask - 秒杀预热 SKU=201，促销库存=300，时间 Sat Aug 01 00:00:00 CST 2026 ~ Mon Aug 31 23:59:59 CST 2026
2026-08-20 19:24:50.029 [main] INFO  [task-seckill-1787225087394] com.gdou.task.SeckillTask - 秒杀预热 SKU=301，促销库存=150，时间 Sat Aug 01 00:00:00 CST 2026 ~ Mon Aug 31 23:59:59 CST 2026
2026-08-20 19:24:50.034 [main] INFO  [task-seckill-1787225087394] com.gdou.task.SeckillTask - 秒杀预热 SKU=1101，促销库存=180，时间 Sat Aug 01 00:00:00 CST 2026 ~ Mon Aug 31 23:59:59 CST 2026
2026-08-20 19:24:50.041 [main] INFO  [task-seckill-1787225087394] com.gdou.task.SeckillTask - 秒杀预热 SKU=1301，促销库存=120，时间 Sat Aug 01 00:00:00 CST 2026 ~ Mon Aug 31 23:59:59 CST 2026
2026-08-20 19:24:50.049 [main] INFO  [task-seckill-1787225087394] com.gdou.task.SeckillTask - 秒杀预热 SKU=1701，促销库存=100，时间 Sat Aug 01 00:00:00 CST 2026 ~ Mon Aug 31 23:59:59 CST 2026
2026-08-20 19:24:50.055 [main] INFO  [task-seckill-1787225087394] com.gdou.task.SeckillTask - 秒杀预热 SKU=2101，促销库存=40，时间 Sat Aug 01 00:00:00 CST 2026 ~ Mon Aug 31 23:59:59 CST 2026
2026-08-20 19:24:50.059 [main] INFO  [task-seckill-1787225087394] com.gdou.task.SeckillTask - 秒杀预热 SKU=2501，促销库存=120，时间 Sat Aug 01 00:00:00 CST 2026 ~ Mon Aug 31 23:59:59 CST 2026
2026-08-20 19:24:50.069 [main] INFO  [task-seckill-1787225087394] com.gdou.task.SeckillTask - 秒杀预热 SKU=2801，促销库存=130，时间 Sat Aug 01 00:00:00 CST 2026 ~ Mon Aug 31 23:59:59 CST 2026
2026-08-20 19:24:50.072 [main] INFO  [task-seckill-1787225087394] com.gdou.task.SeckillTask - 秒杀预热 SKU=2901，促销库存=90，时间 Sat Aug 01 00:00:00 CST 2026 ~ Mon Aug 31 23:59:59 CST 2026
2026-08-20 19:24:50.760 [main] INFO  [] o.s.b.a.w.s.WelcomePageHandlerMapping - Adding welcome page: class path resource [static/index.html]
2026-08-20 19:24:51.221 [main] INFO  [] o.a.coyote.http11.Http11NioProtocol - Starting ProtocolHandler ["http-nio-8080"]
2026-08-20 19:24:51.233 [main] INFO  [] o.s.b.w.e.tomcat.TomcatWebServer - Tomcat started on port(s): 8080 (http) with context path ''
2026-08-20 19:24:51.316 [main] INFO  [] o.s.b.w.e.tomcat.TomcatWebServer - Tomcat initialized with port(s): 8081 (http)
2026-08-20 19:24:51.318 [main] INFO  [] o.a.coyote.http11.Http11NioProtocol - Initializing ProtocolHandler ["http-nio-8081"]
2026-08-20 19:24:51.318 [main] INFO  [] o.a.catalina.core.StandardService - Starting service [Tomcat]
2026-08-20 19:24:51.318 [main] INFO  [] o.a.catalina.core.StandardEngine - Starting Servlet engine: [Apache Tomcat/9.0.83]
2026-08-20 19:24:51.348 [main] INFO  [] o.a.c.c.C.[Tomcat-1].[localhost].[/] - Initializing Spring embedded WebApplicationContext
2026-08-20 19:24:51.349 [main] INFO  [] o.s.b.w.s.c.ServletWebServerApplicationContext - Root WebApplicationContext: initialization completed in 110 ms
2026-08-20 19:24:51.360 [main] INFO  [] o.s.b.a.e.web.EndpointLinksResolver - Exposing 3 endpoint(s) beneath base path '/actuator'
2026-08-20 19:24:51.399 [main] INFO  [] o.a.coyote.http11.Http11NioProtocol - Starting ProtocolHandler ["http-nio-8081"]
2026-08-20 19:24:51.402 [main] INFO  [] o.s.b.w.e.tomcat.TomcatWebServer - Tomcat started on port(s): 8081 (http) with context path ''
2026-08-20 19:24:51.863 [main] INFO  [] o.s.a.r.c.CachingConnectionFactory - Attempting to connect to: [192.168.147.131:5672]
2026-08-20 19:24:51.912 [main] INFO  [] o.s.a.r.c.CachingConnectionFactory - Created new connection: rabbitConnectionFactory#5e51ec2e:0/SimpleConnection@428e9be2 [delegate=amqp://guess@192.168.147.131:5672/, localPort= 59802]
2026-08-20 19:24:52.063 [main] INFO  [] c.g.FlashTidyMallProjectApplication - Started FlashTidyMallProjectApplication in 10.313 seconds (JVM running for 12.923)
2026-08-20 19:24:52.092 [scheduling-1] INFO  [task-seckill-1787225092075] com.gdou.task.SeckillTask - 秒杀预热 SKU=101，促销库存=120，时间 Sat Aug 01 00:00:00 CST 2026 ~ Mon Aug 31 23:59:59 CST 2026
2026-08-20 19:24:52.100 [scheduling-1] INFO  [task-seckill-1787225092075] com.gdou.task.SeckillTask - 秒杀预热 SKU=102，促销库存=80，时间 Sat Aug 01 00:00:00 CST 2026 ~ Mon Aug 31 23:59:59 CST 2026
2026-08-20 19:24:52.106 [scheduling-1] INFO  [task-seckill-1787225092075] com.gdou.task.SeckillTask - 秒杀预热 SKU=201，促销库存=300，时间 Sat Aug 01 00:00:00 CST 2026 ~ Mon Aug 31 23:59:59 CST 2026
2026-08-20 19:24:52.111 [scheduling-1] INFO  [task-seckill-1787225092075] com.gdou.task.SeckillTask - 秒杀预热 SKU=301，促销库存=150，时间 Sat Aug 01 00:00:00 CST 2026 ~ Mon Aug 31 23:59:59 CST 2026
2026-08-20 19:24:52.116 [scheduling-1] INFO  [task-seckill-1787225092075] com.gdou.task.SeckillTask - 秒杀预热 SKU=1101，促销库存=180，时间 Sat Aug 01 00:00:00 CST 2026 ~ Mon Aug 31 23:59:59 CST 2026
2026-08-20 19:24:52.120 [scheduling-1] INFO  [task-seckill-1787225092075] com.gdou.task.SeckillTask - 秒杀预热 SKU=1301，促销库存=120，时间 Sat Aug 01 00:00:00 CST 2026 ~ Mon Aug 31 23:59:59 CST 2026
2026-08-20 19:24:52.125 [scheduling-1] INFO  [task-seckill-1787225092075] com.gdou.task.SeckillTask - 秒杀预热 SKU=1701，促销库存=100，时间 Sat Aug 01 00:00:00 CST 2026 ~ Mon Aug 31 23:59:59 CST 2026
2026-08-20 19:24:52.129 [scheduling-1] INFO  [task-seckill-1787225092075] com.gdou.task.SeckillTask - 秒杀预热 SKU=2101，促销库存=40，时间 Sat Aug 01 00:00:00 CST 2026 ~ Mon Aug 31 23:59:59 CST 2026
2026-08-20 19:24:52.133 [scheduling-1] INFO  [task-seckill-1787225092075] com.gdou.task.SeckillTask - 秒杀预热 SKU=2501，促销库存=120，时间 Sat Aug 01 00:00:00 CST 2026 ~ Mon Aug 31 23:59:59 CST 2026
2026-08-20 19:24:52.136 [scheduling-1] INFO  [task-seckill-1787225092075] com.gdou.task.SeckillTask - 秒杀预热 SKU=2801，促销库存=130，时间 Sat Aug 01 00:00:00 CST 2026 ~ Mon Aug 31 23:59:59 CST 2026
2026-08-20 19:24:52.140 [scheduling-1] INFO  [task-seckill-1787225092075] com.gdou.task.SeckillTask - 秒杀预热 SKU=2901，促销库存=90，时间 Sat Aug 01 00:00:00 CST 2026 ~ Mon Aug 31 23:59:59 CST 2026
2026-08-20 19:24:55.071 [http-nio-8081-exec-1] INFO  [] o.a.c.c.C.[Tomcat-1].[localhost].[/] - Initializing Spring DispatcherServlet 'dispatcherServlet'
2026-08-20 19:24:55.072 [http-nio-8081-exec-1] INFO  [] o.s.web.servlet.DispatcherServlet - Initializing Servlet 'dispatcherServlet'
2026-08-20 19:24:55.072 [http-nio-8081-exec-1] INFO  [] o.s.web.servlet.DispatcherServlet - Completed initialization in 0 ms
2026-08-20 19:24:56.270 [RMI TCP Connection(2)-192.168.147.1] INFO  [] o.a.c.c.C.[Tomcat].[localhost].[/] - Initializing Spring DispatcherServlet 'dispatcherServlet'
2026-08-20 19:24:56.270 [RMI TCP Connection(2)-192.168.147.1] INFO  [] o.s.web.servlet.DispatcherServlet - Initializing Servlet 'dispatcherServlet'
2026-08-20 19:24:56.273 [RMI TCP Connection(2)-192.168.147.1] INFO  [] o.s.web.servlet.DispatcherServlet - Completed initialization in 2 ms
2026-08-20 19:24:56.308 [RMI TCP Connection(3)-192.168.147.1] WARN  [] org.elasticsearch.client.RestClient - request [GET http://192.168.147.131:9200/_cluster/health/] returned 1 warnings: [299 Elasticsearch-7.17.22-38e9ca2e81304a821c50862dafab089ca863944b "Elasticsearch built-in security features are not enabled. Without authentication, your cluster could be accessible to anyone. See https://www.elastic.co/guide/en/elasticsearch/reference/7.17/security-minimal-setup.html to enable security."]
2026-08-20 19:25:23.129 [http-nio-8080-exec-5] INFO  [1e241960753e4e49] com.gdou.controller.GoodsController - 用户浏览商品：categoryId=null, keyword=null, page=1
2026-08-20 19:25:23.192 [http-nio-8080-exec-5] WARN  [1e241960753e4e49] org.elasticsearch.client.RestClient - request [POST http://192.168.147.131:9200/spu/_search?typed_keys=true&max_concurrent_shard_requests=5&search_type=query_then_fetch&batched_reduce_size=512] returned 1 warnings: [299 Elasticsearch-7.17.22-38e9ca2e81304a821c50862dafab089ca863944b "Elasticsearch built-in security features are not enabled. Without authentication, your cluster could be accessible to anyone. See https://www.elastic.co/guide/en/elasticsearch/reference/7.17/security-minimal-setup.html to enable security."]
2026-08-20 19:25:42.668 [ForkJoinPool.commonPool-worker-9] INFO  [] com.gdou.agent.Tools - [Agent工具] search_goods 收到参数: keyword=, categoryId=null
2026-08-20 19:25:42.682 [ForkJoinPool.commonPool-worker-9] WARN  [] org.elasticsearch.client.RestClient - request [POST http://192.168.147.131:9200/spu/_search?typed_keys=true&max_concurrent_shard_requests=5&search_type=query_then_fetch&batched_reduce_size=512] returned 1 warnings: [299 Elasticsearch-7.17.22-38e9ca2e81304a821c50862dafab089ca863944b "Elasticsearch built-in security features are not enabled. Without authentication, your cluster could be accessible to anyone. See https://www.elastic.co/guide/en/elasticsearch/reference/7.17/security-minimal-setup.html to enable security."]
2026-08-20 19:25:57.872 [ForkJoinPool.commonPool-worker-9] INFO  [] com.gdou.agent.Tools - [Agent工具] search_goods 收到参数: keyword=, categoryId=null
2026-08-20 19:25:57.889 [ForkJoinPool.commonPool-worker-9] WARN  [] org.elasticsearch.client.RestClient - request [POST http://192.168.147.131:9200/spu/_search?typed_keys=true&max_concurrent_shard_requests=5&search_type=query_then_fetch&batched_reduce_size=512] returned 1 warnings: [299 Elasticsearch-7.17.22-38e9ca2e81304a821c50862dafab089ca863944b "Elasticsearch built-in security features are not enabled. Without authentication, your cluster could be accessible to anyone. See https://www.elastic.co/guide/en/elasticsearch/reference/7.17/security-minimal-setup.html to enable security."]
2026-08-20 19:29:28.152 [org.springframework.amqp.rabbit.RabbitListenerEndpointContainer#0-4] INFO  [] o.s.a.r.l.SimpleMessageListenerContainer - Waiting for workers to finish.
2026-08-20 19:29:28.156 [org.springframework.amqp.rabbit.RabbitListenerEndpointContainer#1-4] INFO  [] o.s.a.r.l.SimpleMessageListenerContainer - Waiting for workers to finish.
2026-08-20 19:29:28.162 [org.springframework.amqp.rabbit.RabbitListenerEndpointContainer#2-4] INFO  [] o.s.a.r.l.SimpleMessageListenerContainer - Waiting for workers to finish.
2026-08-20 19:29:28.485 [org.springframework.amqp.rabbit.RabbitListenerEndpointContainer#0-4] INFO  [] o.s.a.r.l.SimpleMessageListenerContainer - Successfully waited for workers to finish.
2026-08-20 19:29:28.556 [org.springframework.amqp.rabbit.RabbitListenerEndpointContainer#1-4] INFO  [] o.s.a.r.l.SimpleMessageListenerContainer - Successfully waited for workers to finish.
2026-08-20 19:29:28.556 [org.springframework.amqp.rabbit.RabbitListenerEndpointContainer#2-4] INFO  [] o.s.a.r.l.SimpleMessageListenerContainer - Successfully waited for workers to finish.
2026-08-20 19:29:32.004 [SpringApplicationShutdownHook] INFO  [] com.zaxxer.hikari.HikariDataSource - HikariPool-1 - Shutdown initiated...
2026-08-20 19:29:32.024 [SpringApplicationShutdownHook] INFO  [] com.zaxxer.hikari.HikariDataSource - HikariPool-1 - Shutdown completed.
2026-08-20 19:29:48.243 [background-preinit] INFO  [] o.h.validator.internal.util.Version - HV000001: Hibernate Validator 6.2.5.Final
2026-08-20 19:29:48.243 [main] INFO  [] c.g.FlashTidyMallProjectApplication - Starting FlashTidyMallProjectApplication using Java 1.8.0_492 on DESKTOP-PJGE1ML with PID 17328 (D:\hhw-mall-project\Flash_Tidy-mall-project\target\classes started by huanghaiwei in D:\hhw-mall-project)
2026-08-20 19:29:48.247 [main] INFO  [] c.g.FlashTidyMallProjectApplication - No active profile set, falling back to 1 default profile: "default"
2026-08-20 19:29:51.294 [main] INFO  [] o.s.d.r.c.RepositoryConfigurationDelegate - Multiple Spring Data modules found, entering strict repository configuration mode
2026-08-20 19:29:51.297 [main] INFO  [] o.s.d.r.c.RepositoryConfigurationDelegate - Bootstrapping Spring Data Elasticsearch repositories in DEFAULT mode.
2026-08-20 19:29:51.349 [main] INFO  [] o.s.d.r.c.RepositoryConfigurationDelegate - Finished Spring Data repository scanning in 43 ms. Found 0 Elasticsearch repository interfaces.
2026-08-20 19:29:51.356 [main] INFO  [] o.s.d.r.c.RepositoryConfigurationDelegate - Multiple Spring Data modules found, entering strict repository configuration mode
2026-08-20 19:29:51.357 [main] INFO  [] o.s.d.r.c.RepositoryConfigurationDelegate - Bootstrapping Spring Data Reactive Elasticsearch repositories in DEFAULT mode.
2026-08-20 19:29:51.381 [main] INFO  [] o.s.d.r.c.RepositoryConfigurationDelegate - Finished Spring Data repository scanning in 23 ms. Found 0 Reactive Elasticsearch repository interfaces.
2026-08-20 19:29:51.396 [main] INFO  [] o.s.d.r.c.RepositoryConfigurationDelegate - Multiple Spring Data modules found, entering strict repository configuration mode
2026-08-20 19:29:51.398 [main] INFO  [] o.s.d.r.c.RepositoryConfigurationDelegate - Bootstrapping Spring Data Redis repositories in DEFAULT mode.
2026-08-20 19:29:51.435 [main] INFO  [] o.s.d.r.c.RepositoryConfigurationDelegate - Finished Spring Data repository scanning in 23 ms. Found 0 Redis repository interfaces.
2026-08-20 19:29:52.654 [main] INFO  [] o.s.b.w.e.tomcat.TomcatWebServer - Tomcat initialized with port(s): 8080 (http)
2026-08-20 19:29:52.670 [main] INFO  [] o.a.coyote.http11.Http11NioProtocol - Initializing ProtocolHandler ["http-nio-8080"]
2026-08-20 19:29:52.673 [main] INFO  [] o.a.catalina.core.StandardService - Starting service [Tomcat]
2026-08-20 19:29:52.674 [main] INFO  [] o.a.catalina.core.StandardEngine - Starting Servlet engine: [Apache Tomcat/9.0.83]
2026-08-20 19:29:52.972 [main] INFO  [] o.a.c.c.C.[Tomcat].[localhost].[/] - Initializing Spring embedded WebApplicationContext
2026-08-20 19:29:52.973 [main] INFO  [] o.s.b.w.s.c.ServletWebServerApplicationContext - Root WebApplicationContext: initialization completed in 4631 ms
2026-08-20 19:29:58.326 [I/O dispatcher 1] WARN  [] org.elasticsearch.client.RestClient - request [GET http://192.168.147.131:9200/] returned 1 warnings: [299 Elasticsearch-7.17.22-38e9ca2e81304a821c50862dafab089ca863944b "Elasticsearch built-in security features are not enabled. Without authentication, your cluster could be accessible to anyone. See https://www.elastic.co/guide/en/elasticsearch/reference/7.17/security-minimal-setup.html to enable security."]
2026-08-20 19:29:58.354 [main] WARN  [task-es-init-1787225398129] org.elasticsearch.client.RestClient - request [HEAD http://192.168.147.131:9200/spu] returned 1 warnings: [299 Elasticsearch-7.17.22-38e9ca2e81304a821c50862dafab089ca863944b "Elasticsearch built-in security features are not enabled. Without authentication, your cluster could be accessible to anyone. See https://www.elastic.co/guide/en/elasticsearch/reference/7.17/security-minimal-setup.html to enable security."]
2026-08-20 19:29:58.515 [main] WARN  [task-es-init-1787225398129] org.elasticsearch.client.RestClient - request [POST http://192.168.147.131:9200/spu/_search?typed_keys=true&max_concurrent_shard_requests=5&search_type=query_then_fetch&batched_reduce_size=512] returned 1 warnings: [299 Elasticsearch-7.17.22-38e9ca2e81304a821c50862dafab089ca863944b "Elasticsearch built-in security features are not enabled. Without authentication, your cluster could be accessible to anyone. See https://www.elastic.co/guide/en/elasticsearch/reference/7.17/security-minimal-setup.html to enable security."]
2026-08-20 19:29:58.530 [main] INFO  [task-es-init-1787225398129] com.gdou.task.EsSyncTask - 当前ES已有文档，跳过全量同步
2026-08-20 19:29:58.661 [main] INFO  [task-seckill-1787225398540] com.zaxxer.hikari.HikariDataSource - HikariPool-1 - Starting...
2026-08-20 19:29:59.132 [main] INFO  [task-seckill-1787225398540] com.zaxxer.hikari.HikariDataSource - HikariPool-1 - Start completed.
2026-08-20 19:30:03.469 [main] INFO  [task-seckill-1787225398540] com.gdou.task.SeckillTask - 秒杀预热 SKU=101，促销库存=120，时间 Sat Aug 01 00:00:00 CST 2026 ~ Mon Aug 31 23:59:59 CST 2026
2026-08-20 19:30:03.480 [main] INFO  [task-seckill-1787225398540] com.gdou.task.SeckillTask - 秒杀预热 SKU=102，促销库存=80，时间 Sat Aug 01 00:00:00 CST 2026 ~ Mon Aug 31 23:59:59 CST 2026
2026-08-20 19:30:03.487 [main] INFO  [task-seckill-1787225398540] com.gdou.task.SeckillTask - 秒杀预热 SKU=201，促销库存=300，时间 Sat Aug 01 00:00:00 CST 2026 ~ Mon Aug 31 23:59:59 CST 2026
2026-08-20 19:30:03.495 [main] INFO  [task-seckill-1787225398540] com.gdou.task.SeckillTask - 秒杀预热 SKU=301，促销库存=150，时间 Sat Aug 01 00:00:00 CST 2026 ~ Mon Aug 31 23:59:59 CST 2026
2026-08-20 19:30:03.503 [main] INFO  [task-seckill-1787225398540] com.gdou.task.SeckillTask - 秒杀预热 SKU=1101，促销库存=180，时间 Sat Aug 01 00:00:00 CST 2026 ~ Mon Aug 31 23:59:59 CST 2026
2026-08-20 19:30:03.510 [main] INFO  [task-seckill-1787225398540] com.gdou.task.SeckillTask - 秒杀预热 SKU=1301，促销库存=120，时间 Sat Aug 01 00:00:00 CST 2026 ~ Mon Aug 31 23:59:59 CST 2026
2026-08-20 19:30:03.516 [main] INFO  [task-seckill-1787225398540] com.gdou.task.SeckillTask - 秒杀预热 SKU=1701，促销库存=100，时间 Sat Aug 01 00:00:00 CST 2026 ~ Mon Aug 31 23:59:59 CST 2026
2026-08-20 19:30:03.523 [main] INFO  [task-seckill-1787225398540] com.gdou.task.SeckillTask - 秒杀预热 SKU=2101，促销库存=40，时间 Sat Aug 01 00:00:00 CST 2026 ~ Mon Aug 31 23:59:59 CST 2026
2026-08-20 19:30:03.536 [main] INFO  [task-seckill-1787225398540] com.gdou.task.SeckillTask - 秒杀预热 SKU=2501，促销库存=120，时间 Sat Aug 01 00:00:00 CST 2026 ~ Mon Aug 31 23:59:59 CST 2026
2026-08-20 19:30:03.541 [main] INFO  [task-seckill-1787225398540] com.gdou.task.SeckillTask - 秒杀预热 SKU=2801，促销库存=130，时间 Sat Aug 01 00:00:00 CST 2026 ~ Mon Aug 31 23:59:59 CST 2026
2026-08-20 19:30:03.548 [main] INFO  [task-seckill-1787225398540] com.gdou.task.SeckillTask - 秒杀预热 SKU=2901，促销库存=90，时间 Sat Aug 01 00:00:00 CST 2026 ~ Mon Aug 31 23:59:59 CST 2026
2026-08-20 19:30:04.675 [main] INFO  [] o.s.b.a.w.s.WelcomePageHandlerMapping - Adding welcome page: class path resource [static/index.html]
2026-08-20 19:30:05.510 [main] INFO  [] o.a.coyote.http11.Http11NioProtocol - Starting ProtocolHandler ["http-nio-8080"]
2026-08-20 19:30:05.530 [main] INFO  [] o.s.b.w.e.tomcat.TomcatWebServer - Tomcat started on port(s): 8080 (http) with context path ''
2026-08-20 19:30:05.710 [main] INFO  [] o.s.b.w.e.tomcat.TomcatWebServer - Tomcat initialized with port(s): 8081 (http)
2026-08-20 19:30:05.711 [main] INFO  [] o.a.coyote.http11.Http11NioProtocol - Initializing ProtocolHandler ["http-nio-8081"]
2026-08-20 19:30:05.711 [main] INFO  [] o.a.catalina.core.StandardService - Starting service [Tomcat]
2026-08-20 19:30:05.712 [main] INFO  [] o.a.catalina.core.StandardEngine - Starting Servlet engine: [Apache Tomcat/9.0.83]
2026-08-20 19:30:05.790 [main] INFO  [] o.a.c.c.C.[Tomcat-1].[localhost].[/] - Initializing Spring embedded WebApplicationContext
2026-08-20 19:30:05.791 [main] INFO  [] o.s.b.w.s.c.ServletWebServerApplicationContext - Root WebApplicationContext: initialization completed in 249 ms
2026-08-20 19:30:05.813 [main] INFO  [] o.s.b.a.e.web.EndpointLinksResolver - Exposing 3 endpoint(s) beneath base path '/actuator'
2026-08-20 19:30:05.899 [main] INFO  [] o.a.coyote.http11.Http11NioProtocol - Starting ProtocolHandler ["http-nio-8081"]
2026-08-20 19:30:05.905 [main] INFO  [] o.s.b.w.e.tomcat.TomcatWebServer - Tomcat started on port(s): 8081 (http) with context path ''
2026-08-20 19:30:06.780 [main] INFO  [] o.s.a.r.c.CachingConnectionFactory - Attempting to connect to: [192.168.147.131:5672]
2026-08-20 19:30:06.839 [main] INFO  [] o.s.a.r.c.CachingConnectionFactory - Created new connection: rabbitConnectionFactory#7ea3839e:0/SimpleConnection@58cd6088 [delegate=amqp://guess@192.168.147.131:5672/, localPort= 58465]
2026-08-20 19:30:07.055 [main] INFO  [] c.g.FlashTidyMallProjectApplication - Started FlashTidyMallProjectApplication in 19.821 seconds (JVM running for 23.22)
2026-08-20 19:30:07.087 [scheduling-1] INFO  [task-seckill-1787225407065] com.gdou.task.SeckillTask - 秒杀预热 SKU=101，促销库存=120，时间 Sat Aug 01 00:00:00 CST 2026 ~ Mon Aug 31 23:59:59 CST 2026
2026-08-20 19:30:07.094 [scheduling-1] INFO  [task-seckill-1787225407065] com.gdou.task.SeckillTask - 秒杀预热 SKU=102，促销库存=80，时间 Sat Aug 01 00:00:00 CST 2026 ~ Mon Aug 31 23:59:59 CST 2026
2026-08-20 19:30:07.101 [scheduling-1] INFO  [task-seckill-1787225407065] com.gdou.task.SeckillTask - 秒杀预热 SKU=201，促销库存=300，时间 Sat Aug 01 00:00:00 CST 2026 ~ Mon Aug 31 23:59:59 CST 2026
2026-08-20 19:30:07.107 [scheduling-1] INFO  [task-seckill-1787225407065] com.gdou.task.SeckillTask - 秒杀预热 SKU=301，促销库存=150，时间 Sat Aug 01 00:00:00 CST 2026 ~ Mon Aug 31 23:59:59 CST 2026
2026-08-20 19:30:07.113 [scheduling-1] INFO  [task-seckill-1787225407065] com.gdou.task.SeckillTask - 秒杀预热 SKU=1101，促销库存=180，时间 Sat Aug 01 00:00:00 CST 2026 ~ Mon Aug 31 23:59:59 CST 2026
2026-08-20 19:30:07.117 [scheduling-1] INFO  [task-seckill-1787225407065] com.gdou.task.SeckillTask - 秒杀预热 SKU=1301，促销库存=120，时间 Sat Aug 01 00:00:00 CST 2026 ~ Mon Aug 31 23:59:59 CST 2026
2026-08-20 19:30:07.124 [scheduling-1] INFO  [task-seckill-1787225407065] com.gdou.task.SeckillTask - 秒杀预热 SKU=1701，促销库存=100，时间 Sat Aug 01 00:00:00 CST 2026 ~ Mon Aug 31 23:59:59 CST 2026
2026-08-20 19:30:07.129 [scheduling-1] INFO  [task-seckill-1787225407065] com.gdou.task.SeckillTask - 秒杀预热 SKU=2101，促销库存=40，时间 Sat Aug 01 00:00:00 CST 2026 ~ Mon Aug 31 23:59:59 CST 2026
2026-08-20 19:30:07.134 [scheduling-1] INFO  [task-seckill-1787225407065] com.gdou.task.SeckillTask - 秒杀预热 SKU=2501，促销库存=120，时间 Sat Aug 01 00:00:00 CST 2026 ~ Mon Aug 31 23:59:59 CST 2026
2026-08-20 19:30:07.141 [scheduling-1] INFO  [task-seckill-1787225407065] com.gdou.task.SeckillTask - 秒杀预热 SKU=2801，促销库存=130，时间 Sat Aug 01 00:00:00 CST 2026 ~ Mon Aug 31 23:59:59 CST 2026
2026-08-20 19:30:07.147 [scheduling-1] INFO  [task-seckill-1787225407065] com.gdou.task.SeckillTask - 秒杀预热 SKU=2901，促销库存=90，时间 Sat Aug 01 00:00:00 CST 2026 ~ Mon Aug 31 23:59:59 CST 2026
2026-08-20 19:30:10.559 [http-nio-8081-exec-1] INFO  [] o.a.c.c.C.[Tomcat-1].[localhost].[/] - Initializing Spring DispatcherServlet 'dispatcherServlet'
2026-08-20 19:30:10.559 [http-nio-8081-exec-1] INFO  [] o.s.web.servlet.DispatcherServlet - Initializing Servlet 'dispatcherServlet'
2026-08-20 19:30:10.560 [http-nio-8081-exec-1] INFO  [] o.s.web.servlet.DispatcherServlet - Completed initialization in 1 ms
2026-08-20 19:30:14.680 [RMI TCP Connection(2)-192.168.147.1] INFO  [] o.a.c.c.C.[Tomcat].[localhost].[/] - Initializing Spring DispatcherServlet 'dispatcherServlet'
2026-08-20 19:30:14.680 [RMI TCP Connection(2)-192.168.147.1] INFO  [] o.s.web.servlet.DispatcherServlet - Initializing Servlet 'dispatcherServlet'
2026-08-20 19:30:14.686 [RMI TCP Connection(2)-192.168.147.1] INFO  [] o.s.web.servlet.DispatcherServlet - Completed initialization in 6 ms
2026-08-20 19:30:14.694 [RMI TCP Connection(3)-192.168.147.1] WARN  [] org.elasticsearch.client.RestClient - request [GET http://192.168.147.131:9200/_cluster/health/] returned 1 warnings: [299 Elasticsearch-7.17.22-38e9ca2e81304a821c50862dafab089ca863944b "Elasticsearch built-in security features are not enabled. Without authentication, your cluster could be accessible to anyone. See https://www.elastic.co/guide/en/elasticsearch/reference/7.17/security-minimal-setup.html to enable security."]
2026-08-20 19:32:49.574 [org.springframework.amqp.rabbit.RabbitListenerEndpointContainer#0-4] INFO  [] o.s.a.r.l.SimpleMessageListenerContainer - Waiting for workers to finish.
2026-08-20 19:32:49.578 [org.springframework.amqp.rabbit.RabbitListenerEndpointContainer#1-4] INFO  [] o.s.a.r.l.SimpleMessageListenerContainer - Waiting for workers to finish.
2026-08-20 19:32:49.583 [org.springframework.amqp.rabbit.RabbitListenerEndpointContainer#2-4] INFO  [] o.s.a.r.l.SimpleMessageListenerContainer - Waiting for workers to finish.
2026-08-20 19:32:49.611 [org.springframework.amqp.rabbit.RabbitListenerEndpointContainer#2-4] INFO  [] o.s.a.r.l.SimpleMessageListenerContainer - Successfully waited for workers to finish.
2026-08-20 19:32:50.463 [org.springframework.amqp.rabbit.RabbitListenerEndpointContainer#0-4] INFO  [] o.s.a.r.l.SimpleMessageListenerContainer - Successfully waited for workers to finish.
2026-08-20 19:32:50.542 [org.springframework.amqp.rabbit.RabbitListenerEndpointContainer#1-4] INFO  [] o.s.a.r.l.SimpleMessageListenerContainer - Successfully waited for workers to finish.
2026-08-20 19:32:52.344 [SpringApplicationShutdownHook] INFO  [] com.zaxxer.hikari.HikariDataSource - HikariPool-1 - Shutdown initiated...
2026-08-20 19:32:52.357 [SpringApplicationShutdownHook] INFO  [] com.zaxxer.hikari.HikariDataSource - HikariPool-1 - Shutdown completed.
2026-08-20 19:33:01.427 [main] INFO  [] c.g.FlashTidyMallProjectApplication - Starting FlashTidyMallProjectApplication using Java 1.8.0_492 on DESKTOP-PJGE1ML with PID 18240 (D:\hhw-mall-project\Flash_Tidy-mall-project\target\classes started by huanghaiwei in D:\hhw-mall-project)
2026-08-20 19:33:01.427 [background-preinit] INFO  [] o.h.validator.internal.util.Version - HV000001: Hibernate Validator 6.2.5.Final
2026-08-20 19:33:01.430 [main] INFO  [] c.g.FlashTidyMallProjectApplication - No active profile set, falling back to 1 default profile: "default"
2026-08-20 19:33:02.941 [main] INFO  [] o.s.d.r.c.RepositoryConfigurationDelegate - Multiple Spring Data modules found, entering strict repository configuration mode
2026-08-20 19:33:02.943 [main] INFO  [] o.s.d.r.c.RepositoryConfigurationDelegate - Bootstrapping Spring Data Elasticsearch repositories in DEFAULT mode.
2026-08-20 19:33:02.971 [main] INFO  [] o.s.d.r.c.RepositoryConfigurationDelegate - Finished Spring Data repository scanning in 22 ms. Found 0 Elasticsearch repository interfaces.
2026-08-20 19:33:02.973 [main] INFO  [] o.s.d.r.c.RepositoryConfigurationDelegate - Multiple Spring Data modules found, entering strict repository configuration mode
2026-08-20 19:33:02.975 [main] INFO  [] o.s.d.r.c.RepositoryConfigurationDelegate - Bootstrapping Spring Data Reactive Elasticsearch repositories in DEFAULT mode.
2026-08-20 19:33:02.987 [main] INFO  [] o.s.d.r.c.RepositoryConfigurationDelegate - Finished Spring Data repository scanning in 12 ms. Found 0 Reactive Elasticsearch repository interfaces.
2026-08-20 19:33:02.995 [main] INFO  [] o.s.d.r.c.RepositoryConfigurationDelegate - Multiple Spring Data modules found, entering strict repository configuration mode
2026-08-20 19:33:02.995 [main] INFO  [] o.s.d.r.c.RepositoryConfigurationDelegate - Bootstrapping Spring Data Redis repositories in DEFAULT mode.
2026-08-20 19:33:03.015 [main] INFO  [] o.s.d.r.c.RepositoryConfigurationDelegate - Finished Spring Data repository scanning in 12 ms. Found 0 Redis repository interfaces.
2026-08-20 19:33:03.625 [main] INFO  [] o.s.b.w.e.tomcat.TomcatWebServer - Tomcat initialized with port(s): 8080 (http)
2026-08-20 19:33:03.633 [main] INFO  [] o.a.coyote.http11.Http11NioProtocol - Initializing ProtocolHandler ["http-nio-8080"]
2026-08-20 19:33:03.634 [main] INFO  [] o.a.catalina.core.StandardService - Starting service [Tomcat]
2026-08-20 19:33:03.634 [main] INFO  [] o.a.catalina.core.StandardEngine - Starting Servlet engine: [Apache Tomcat/9.0.83]
2026-08-20 19:33:03.777 [main] INFO  [] o.a.c.c.C.[Tomcat].[localhost].[/] - Initializing Spring embedded WebApplicationContext
2026-08-20 19:33:03.777 [main] INFO  [] o.s.b.w.s.c.ServletWebServerApplicationContext - Root WebApplicationContext: initialization completed in 2300 ms
2026-08-20 19:33:06.280 [I/O dispatcher 1] WARN  [] org.elasticsearch.client.RestClient - request [GET http://192.168.147.131:9200/] returned 1 warnings: [299 Elasticsearch-7.17.22-38e9ca2e81304a821c50862dafab089ca863944b "Elasticsearch built-in security features are not enabled. Without authentication, your cluster could be accessible to anyone. See https://www.elastic.co/guide/en/elasticsearch/reference/7.17/security-minimal-setup.html to enable security."]
2026-08-20 19:33:06.299 [main] WARN  [task-es-init-1787225586197] org.elasticsearch.client.RestClient - request [HEAD http://192.168.147.131:9200/spu] returned 1 warnings: [299 Elasticsearch-7.17.22-38e9ca2e81304a821c50862dafab089ca863944b "Elasticsearch built-in security features are not enabled. Without authentication, your cluster could be accessible to anyone. See https://www.elastic.co/guide/en/elasticsearch/reference/7.17/security-minimal-setup.html to enable security."]
2026-08-20 19:33:06.363 [main] WARN  [task-es-init-1787225586197] org.elasticsearch.client.RestClient - request [POST http://192.168.147.131:9200/spu/_search?typed_keys=true&max_concurrent_shard_requests=5&search_type=query_then_fetch&batched_reduce_size=512] returned 1 warnings: [299 Elasticsearch-7.17.22-38e9ca2e81304a821c50862dafab089ca863944b "Elasticsearch built-in security features are not enabled. Without authentication, your cluster could be accessible to anyone. See https://www.elastic.co/guide/en/elasticsearch/reference/7.17/security-minimal-setup.html to enable security."]
2026-08-20 19:33:06.369 [main] INFO  [task-es-init-1787225586197] com.gdou.task.EsSyncTask - 当前ES已有文档，跳过全量同步
2026-08-20 19:33:06.422 [main] INFO  [task-seckill-1787225586372] com.zaxxer.hikari.HikariDataSource - HikariPool-1 - Starting...
2026-08-20 19:33:06.630 [main] INFO  [task-seckill-1787225586372] com.zaxxer.hikari.HikariDataSource - HikariPool-1 - Start completed.
2026-08-20 19:33:08.908 [main] INFO  [task-seckill-1787225586372] com.gdou.task.SeckillTask - 秒杀预热 SKU=101，促销库存=120，时间 Sat Aug 01 00:00:00 CST 2026 ~ Mon Aug 31 23:59:59 CST 2026
2026-08-20 19:33:08.915 [main] INFO  [task-seckill-1787225586372] com.gdou.task.SeckillTask - 秒杀预热 SKU=102，促销库存=80，时间 Sat Aug 01 00:00:00 CST 2026 ~ Mon Aug 31 23:59:59 CST 2026
2026-08-20 19:33:08.920 [main] INFO  [task-seckill-1787225586372] com.gdou.task.SeckillTask - 秒杀预热 SKU=201，促销库存=300，时间 Sat Aug 01 00:00:00 CST 2026 ~ Mon Aug 31 23:59:59 CST 2026
2026-08-20 19:33:08.925 [main] INFO  [task-seckill-1787225586372] com.gdou.task.SeckillTask - 秒杀预热 SKU=301，促销库存=150，时间 Sat Aug 01 00:00:00 CST 2026 ~ Mon Aug 31 23:59:59 CST 2026
2026-08-20 19:33:08.927 [main] INFO  [task-seckill-1787225586372] com.gdou.task.SeckillTask - 秒杀预热 SKU=1101，促销库存=180，时间 Sat Aug 01 00:00:00 CST 2026 ~ Mon Aug 31 23:59:59 CST 2026
2026-08-20 19:33:08.933 [main] INFO  [task-seckill-1787225586372] com.gdou.task.SeckillTask - 秒杀预热 SKU=1301，促销库存=120，时间 Sat Aug 01 00:00:00 CST 2026 ~ Mon Aug 31 23:59:59 CST 2026
2026-08-20 19:33:08.939 [main] INFO  [task-seckill-1787225586372] com.gdou.task.SeckillTask - 秒杀预热 SKU=1701，促销库存=100，时间 Sat Aug 01 00:00:00 CST 2026 ~ Mon Aug 31 23:59:59 CST 2026
2026-08-20 19:33:08.943 [main] INFO  [task-seckill-1787225586372] com.gdou.task.SeckillTask - 秒杀预热 SKU=2101，促销库存=40，时间 Sat Aug 01 00:00:00 CST 2026 ~ Mon Aug 31 23:59:59 CST 2026
2026-08-20 19:33:08.949 [main] INFO  [task-seckill-1787225586372] com.gdou.task.SeckillTask - 秒杀预热 SKU=2501，促销库存=120，时间 Sat Aug 01 00:00:00 CST 2026 ~ Mon Aug 31 23:59:59 CST 2026
2026-08-20 19:33:08.954 [main] INFO  [task-seckill-1787225586372] com.gdou.task.SeckillTask - 秒杀预热 SKU=2801，促销库存=130，时间 Sat Aug 01 00:00:00 CST 2026 ~ Mon Aug 31 23:59:59 CST 2026
2026-08-20 19:33:08.958 [main] INFO  [task-seckill-1787225586372] com.gdou.task.SeckillTask - 秒杀预热 SKU=2901，促销库存=90，时间 Sat Aug 01 00:00:00 CST 2026 ~ Mon Aug 31 23:59:59 CST 2026
2026-08-20 19:33:09.531 [main] INFO  [] o.s.b.a.w.s.WelcomePageHandlerMapping - Adding welcome page: class path resource [static/index.html]
2026-08-20 19:33:09.922 [main] INFO  [] o.a.coyote.http11.Http11NioProtocol - Starting ProtocolHandler ["http-nio-8080"]
2026-08-20 19:33:09.934 [main] INFO  [] o.s.b.w.e.tomcat.TomcatWebServer - Tomcat started on port(s): 8080 (http) with context path ''
2026-08-20 19:33:10.010 [main] INFO  [] o.s.b.w.e.tomcat.TomcatWebServer - Tomcat initialized with port(s): 8081 (http)
2026-08-20 19:33:10.011 [main] INFO  [] o.a.coyote.http11.Http11NioProtocol - Initializing ProtocolHandler ["http-nio-8081"]
2026-08-20 19:33:10.011 [main] INFO  [] o.a.catalina.core.StandardService - Starting service [Tomcat]
2026-08-20 19:33:10.011 [main] INFO  [] o.a.catalina.core.StandardEngine - Starting Servlet engine: [Apache Tomcat/9.0.83]
2026-08-20 19:33:10.043 [main] INFO  [] o.a.c.c.C.[Tomcat-1].[localhost].[/] - Initializing Spring embedded WebApplicationContext
2026-08-20 19:33:10.043 [main] INFO  [] o.s.b.w.s.c.ServletWebServerApplicationContext - Root WebApplicationContext: initialization completed in 104 ms
2026-08-20 19:33:10.051 [main] INFO  [] o.s.b.a.e.web.EndpointLinksResolver - Exposing 3 endpoint(s) beneath base path '/actuator'
2026-08-20 19:33:10.086 [main] INFO  [] o.a.coyote.http11.Http11NioProtocol - Starting ProtocolHandler ["http-nio-8081"]
2026-08-20 19:33:10.090 [main] INFO  [] o.s.b.w.e.tomcat.TomcatWebServer - Tomcat started on port(s): 8081 (http) with context path ''
2026-08-20 19:33:10.466 [main] INFO  [] o.s.a.r.c.CachingConnectionFactory - Attempting to connect to: [192.168.147.131:5672]
2026-08-20 19:33:10.504 [main] INFO  [] o.s.a.r.c.CachingConnectionFactory - Created new connection: rabbitConnectionFactory#7ea3839e:0/SimpleConnection@61e34bec [delegate=amqp://guess@192.168.147.131:5672/, localPort= 50445]
2026-08-20 19:33:10.504 [http-nio-8081-exec-1] INFO  [] o.a.c.c.C.[Tomcat-1].[localhost].[/] - Initializing Spring DispatcherServlet 'dispatcherServlet'
2026-08-20 19:33:10.504 [http-nio-8081-exec-1] INFO  [] o.s.web.servlet.DispatcherServlet - Initializing Servlet 'dispatcherServlet'
2026-08-20 19:33:10.504 [http-nio-8081-exec-1] INFO  [] o.s.web.servlet.DispatcherServlet - Completed initialization in 0 ms
2026-08-20 19:33:10.639 [main] INFO  [] c.g.FlashTidyMallProjectApplication - Started FlashTidyMallProjectApplication in 9.662 seconds (JVM running for 12.144)
2026-08-20 19:33:10.660 [scheduling-1] INFO  [task-seckill-1787225590647] com.gdou.task.SeckillTask - 秒杀预热 SKU=101，促销库存=120，时间 Sat Aug 01 00:00:00 CST 2026 ~ Mon Aug 31 23:59:59 CST 2026
2026-08-20 19:33:10.665 [scheduling-1] INFO  [task-seckill-1787225590647] com.gdou.task.SeckillTask - 秒杀预热 SKU=102，促销库存=80，时间 Sat Aug 01 00:00:00 CST 2026 ~ Mon Aug 31 23:59:59 CST 2026
2026-08-20 19:33:10.670 [scheduling-1] INFO  [task-seckill-1787225590647] com.gdou.task.SeckillTask - 秒杀预热 SKU=201，促销库存=300，时间 Sat Aug 01 00:00:00 CST 2026 ~ Mon Aug 31 23:59:59 CST 2026
2026-08-20 19:33:10.674 [scheduling-1] INFO  [task-seckill-1787225590647] com.gdou.task.SeckillTask - 秒杀预热 SKU=301，促销库存=150，时间 Sat Aug 01 00:00:00 CST 2026 ~ Mon Aug 31 23:59:59 CST 2026
2026-08-20 19:33:10.681 [scheduling-1] INFO  [task-seckill-1787225590647] com.gdou.task.SeckillTask - 秒杀预热 SKU=1101，促销库存=180，时间 Sat Aug 01 00:00:00 CST 2026 ~ Mon Aug 31 23:59:59 CST 2026
2026-08-20 19:33:10.686 [scheduling-1] INFO  [task-seckill-1787225590647] com.gdou.task.SeckillTask - 秒杀预热 SKU=1301，促销库存=120，时间 Sat Aug 01 00:00:00 CST 2026 ~ Mon Aug 31 23:59:59 CST 2026
2026-08-20 19:33:10.693 [scheduling-1] INFO  [task-seckill-1787225590647] com.gdou.task.SeckillTask - 秒杀预热 SKU=1701，促销库存=100，时间 Sat Aug 01 00:00:00 CST 2026 ~ Mon Aug 31 23:59:59 CST 2026
2026-08-20 19:33:10.698 [scheduling-1] INFO  [task-seckill-1787225590647] com.gdou.task.SeckillTask - 秒杀预热 SKU=2101，促销库存=40，时间 Sat Aug 01 00:00:00 CST 2026 ~ Mon Aug 31 23:59:59 CST 2026
2026-08-20 19:33:10.703 [scheduling-1] INFO  [task-seckill-1787225590647] com.gdou.task.SeckillTask - 秒杀预热 SKU=2501，促销库存=120，时间 Sat Aug 01 00:00:00 CST 2026 ~ Mon Aug 31 23:59:59 CST 2026
2026-08-20 19:33:10.708 [scheduling-1] INFO  [task-seckill-1787225590647] com.gdou.task.SeckillTask - 秒杀预热 SKU=2801，促销库存=130，时间 Sat Aug 01 00:00:00 CST 2026 ~ Mon Aug 31 23:59:59 CST 2026
2026-08-20 19:33:10.714 [scheduling-1] INFO  [task-seckill-1787225590647] com.gdou.task.SeckillTask - 秒杀预热 SKU=2901，促销库存=90，时间 Sat Aug 01 00:00:00 CST 2026 ~ Mon Aug 31 23:59:59 CST 2026
2026-08-20 19:33:12.868 [RMI TCP Connection(2)-192.168.147.1] INFO  [] o.a.c.c.C.[Tomcat].[localhost].[/] - Initializing Spring DispatcherServlet 'dispatcherServlet'
2026-08-20 19:33:12.868 [RMI TCP Connection(2)-192.168.147.1] INFO  [] o.s.web.servlet.DispatcherServlet - Initializing Servlet 'dispatcherServlet'
2026-08-20 19:33:12.872 [RMI TCP Connection(2)-192.168.147.1] INFO  [] o.s.web.servlet.DispatcherServlet - Completed initialization in 4 ms
2026-08-20 19:33:12.879 [RMI TCP Connection(1)-192.168.147.1] WARN  [] org.elasticsearch.client.RestClient - request [GET http://192.168.147.131:9200/_cluster/health/] returned 1 warnings: [299 Elasticsearch-7.17.22-38e9ca2e81304a821c50862dafab089ca863944b "Elasticsearch built-in security features are not enabled. Without authentication, your cluster could be accessible to anyone. See https://www.elastic.co/guide/en/elasticsearch/reference/7.17/security-minimal-setup.html to enable security."]
2026-08-20 19:34:10.546 [ForkJoinPool.commonPool-worker-9] INFO  [] com.gdou.agent.Tools - [Agent工具] search_goods 收到参数: keyword=蓝牙耳机, categoryId=null
2026-08-20 19:34:10.708 [ForkJoinPool.commonPool-worker-9] WARN  [] org.elasticsearch.client.RestClient - request [POST http://192.168.147.131:9200/spu/_search?typed_keys=true&max_concurrent_shard_requests=5&search_type=query_then_fetch&batched_reduce_size=512] returned 1 warnings: [299 Elasticsearch-7.17.22-38e9ca2e81304a821c50862dafab089ca863944b "Elasticsearch built-in security features are not enabled. Without authentication, your cluster could be accessible to anyone. See https://www.elastic.co/guide/en/elasticsearch/reference/7.17/security-minimal-setup.html to enable security."]
2026-08-20 19:41:30.283 [org.springframework.amqp.rabbit.RabbitListenerEndpointContainer#0-4] INFO  [] o.s.a.r.l.SimpleMessageListenerContainer - Waiting for workers to finish.
2026-08-20 19:41:30.287 [org.springframework.amqp.rabbit.RabbitListenerEndpointContainer#1-4] INFO  [] o.s.a.r.l.SimpleMessageListenerContainer - Waiting for workers to finish.
2026-08-20 19:41:30.291 [org.springframework.amqp.rabbit.RabbitListenerEndpointContainer#2-4] INFO  [] o.s.a.r.l.SimpleMessageListenerContainer - Waiting for workers to finish.
2026-08-20 19:41:30.300 [org.springframework.amqp.rabbit.RabbitListenerEndpointContainer#0-4] INFO  [] o.s.a.r.l.SimpleMessageListenerContainer - Successfully waited for workers to finish.
2026-08-20 19:41:30.312 [org.springframework.amqp.rabbit.RabbitListenerEndpointContainer#1-4] INFO  [] o.s.a.r.l.SimpleMessageListenerContainer - Successfully waited for workers to finish.
2026-08-20 19:41:30.359 [org.springframework.amqp.rabbit.RabbitListenerEndpointContainer#2-4] INFO  [] o.s.a.r.l.SimpleMessageListenerContainer - Successfully waited for workers to finish.
2026-08-20 19:41:32.164 [SpringApplicationShutdownHook] INFO  [] com.zaxxer.hikari.HikariDataSource - HikariPool-1 - Shutdown initiated...
2026-08-20 19:41:32.178 [SpringApplicationShutdownHook] INFO  [] com.zaxxer.hikari.HikariDataSource - HikariPool-1 - Shutdown completed.
2026-08-20 19:41:42.889 [background-preinit] INFO  [] o.h.validator.internal.util.Version - HV000001: Hibernate Validator 6.2.5.Final
2026-08-20 19:41:42.889 [main] INFO  [] c.g.FlashTidyMallProjectApplication - Starting FlashTidyMallProjectApplication using Java 1.8.0_492 on DESKTOP-PJGE1ML with PID 19828 (D:\hhw-mall-project\Flash_Tidy-mall-project\target\classes started by huanghaiwei in D:\hhw-mall-project)
2026-08-20 19:41:42.892 [main] INFO  [] c.g.FlashTidyMallProjectApplication - No active profile set, falling back to 1 default profile: "default"
2026-08-20 19:41:44.379 [main] INFO  [] o.s.d.r.c.RepositoryConfigurationDelegate - Multiple Spring Data modules found, entering strict repository configuration mode
2026-08-20 19:41:44.382 [main] INFO  [] o.s.d.r.c.RepositoryConfigurationDelegate - Bootstrapping Spring Data Elasticsearch repositories in DEFAULT mode.
2026-08-20 19:41:44.407 [main] INFO  [] o.s.d.r.c.RepositoryConfigurationDelegate - Finished Spring Data repository scanning in 20 ms. Found 0 Elasticsearch repository interfaces.
2026-08-20 19:41:44.412 [main] INFO  [] o.s.d.r.c.RepositoryConfigurationDelegate - Multiple Spring Data modules found, entering strict repository configuration mode
2026-08-20 19:41:44.413 [main] INFO  [] o.s.d.r.c.RepositoryConfigurationDelegate - Bootstrapping Spring Data Reactive Elasticsearch repositories in DEFAULT mode.
2026-08-20 19:41:44.424 [main] INFO  [] o.s.d.r.c.RepositoryConfigurationDelegate - Finished Spring Data repository scanning in 11 ms. Found 0 Reactive Elasticsearch repository interfaces.
2026-08-20 19:41:44.434 [main] INFO  [] o.s.d.r.c.RepositoryConfigurationDelegate - Multiple Spring Data modules found, entering strict repository configuration mode
2026-08-20 19:41:44.434 [main] INFO  [] o.s.d.r.c.RepositoryConfigurationDelegate - Bootstrapping Spring Data Redis repositories in DEFAULT mode.
2026-08-20 19:41:44.454 [main] INFO  [] o.s.d.r.c.RepositoryConfigurationDelegate - Finished Spring Data repository scanning in 12 ms. Found 0 Redis repository interfaces.
2026-08-20 19:41:45.071 [main] INFO  [] o.s.b.w.e.tomcat.TomcatWebServer - Tomcat initialized with port(s): 8080 (http)
2026-08-20 19:41:45.078 [main] INFO  [] o.a.coyote.http11.Http11NioProtocol - Initializing ProtocolHandler ["http-nio-8080"]
2026-08-20 19:41:45.078 [main] INFO  [] o.a.catalina.core.StandardService - Starting service [Tomcat]
2026-08-20 19:41:45.078 [main] INFO  [] o.a.catalina.core.StandardEngine - Starting Servlet engine: [Apache Tomcat/9.0.83]
2026-08-20 19:41:45.224 [main] INFO  [] o.a.c.c.C.[Tomcat].[localhost].[/] - Initializing Spring embedded WebApplicationContext
2026-08-20 19:41:45.224 [main] INFO  [] o.s.b.w.s.c.ServletWebServerApplicationContext - Root WebApplicationContext: initialization completed in 2287 ms
2026-08-20 19:41:47.769 [I/O dispatcher 1] WARN  [] org.elasticsearch.client.RestClient - request [GET http://192.168.147.131:9200/] returned 1 warnings: [299 Elasticsearch-7.17.22-38e9ca2e81304a821c50862dafab089ca863944b "Elasticsearch built-in security features are not enabled. Without authentication, your cluster could be accessible to anyone. See https://www.elastic.co/guide/en/elasticsearch/reference/7.17/security-minimal-setup.html to enable security."]
2026-08-20 19:41:47.788 [main] WARN  [task-es-init-1787226107684] org.elasticsearch.client.RestClient - request [HEAD http://192.168.147.131:9200/spu] returned 1 warnings: [299 Elasticsearch-7.17.22-38e9ca2e81304a821c50862dafab089ca863944b "Elasticsearch built-in security features are not enabled. Without authentication, your cluster could be accessible to anyone. See https://www.elastic.co/guide/en/elasticsearch/reference/7.17/security-minimal-setup.html to enable security."]
2026-08-20 19:41:47.855 [main] WARN  [task-es-init-1787226107684] org.elasticsearch.client.RestClient - request [POST http://192.168.147.131:9200/spu/_search?typed_keys=true&max_concurrent_shard_requests=5&search_type=query_then_fetch&batched_reduce_size=512] returned 1 warnings: [299 Elasticsearch-7.17.22-38e9ca2e81304a821c50862dafab089ca863944b "Elasticsearch built-in security features are not enabled. Without authentication, your cluster could be accessible to anyone. See https://www.elastic.co/guide/en/elasticsearch/reference/7.17/security-minimal-setup.html to enable security."]
2026-08-20 19:41:47.862 [main] INFO  [task-es-init-1787226107684] com.gdou.task.EsSyncTask - 当前ES已有文档，跳过全量同步
2026-08-20 19:41:47.914 [main] INFO  [task-seckill-1787226107865] com.zaxxer.hikari.HikariDataSource - HikariPool-1 - Starting...
2026-08-20 19:41:48.125 [main] INFO  [task-seckill-1787226107865] com.zaxxer.hikari.HikariDataSource - HikariPool-1 - Start completed.
2026-08-20 19:41:50.278 [main] INFO  [task-seckill-1787226107865] com.gdou.task.SeckillTask - 秒杀预热 SKU=101，促销库存=120，时间 Sat Aug 01 00:00:00 CST 2026 ~ Mon Aug 31 23:59:59 CST 2026
2026-08-20 19:41:50.282 [main] INFO  [task-seckill-1787226107865] com.gdou.task.SeckillTask - 秒杀预热 SKU=102，促销库存=80，时间 Sat Aug 01 00:00:00 CST 2026 ~ Mon Aug 31 23:59:59 CST 2026
2026-08-20 19:41:50.287 [main] INFO  [task-seckill-1787226107865] com.gdou.task.SeckillTask - 秒杀预热 SKU=201，促销库存=300，时间 Sat Aug 01 00:00:00 CST 2026 ~ Mon Aug 31 23:59:59 CST 2026
2026-08-20 19:41:50.291 [main] INFO  [task-seckill-1787226107865] com.gdou.task.SeckillTask - 秒杀预热 SKU=301，促销库存=150，时间 Sat Aug 01 00:00:00 CST 2026 ~ Mon Aug 31 23:59:59 CST 2026
2026-08-20 19:41:50.297 [main] INFO  [task-seckill-1787226107865] com.gdou.task.SeckillTask - 秒杀预热 SKU=1101，促销库存=180，时间 Sat Aug 01 00:00:00 CST 2026 ~ Mon Aug 31 23:59:59 CST 2026
2026-08-20 19:41:50.304 [main] INFO  [task-seckill-1787226107865] com.gdou.task.SeckillTask - 秒杀预热 SKU=1301，促销库存=120，时间 Sat Aug 01 00:00:00 CST 2026 ~ Mon Aug 31 23:59:59 CST 2026
2026-08-20 19:41:50.310 [main] INFO  [task-seckill-1787226107865] com.gdou.task.SeckillTask - 秒杀预热 SKU=1701，促销库存=100，时间 Sat Aug 01 00:00:00 CST 2026 ~ Mon Aug 31 23:59:59 CST 2026
2026-08-20 19:41:50.313 [main] INFO  [task-seckill-1787226107865] com.gdou.task.SeckillTask - 秒杀预热 SKU=2101，促销库存=40，时间 Sat Aug 01 00:00:00 CST 2026 ~ Mon Aug 31 23:59:59 CST 2026
2026-08-20 19:41:50.317 [main] INFO  [task-seckill-1787226107865] com.gdou.task.SeckillTask - 秒杀预热 SKU=2501，促销库存=120，时间 Sat Aug 01 00:00:00 CST 2026 ~ Mon Aug 31 23:59:59 CST 2026
2026-08-20 19:41:50.324 [main] INFO  [task-seckill-1787226107865] com.gdou.task.SeckillTask - 秒杀预热 SKU=2801，促销库存=130，时间 Sat Aug 01 00:00:00 CST 2026 ~ Mon Aug 31 23:59:59 CST 2026
2026-08-20 19:41:50.329 [main] INFO  [task-seckill-1787226107865] com.gdou.task.SeckillTask - 秒杀预热 SKU=2901，促销库存=90，时间 Sat Aug 01 00:00:00 CST 2026 ~ Mon Aug 31 23:59:59 CST 2026
2026-08-20 19:41:50.968 [main] INFO  [] o.s.b.a.w.s.WelcomePageHandlerMapping - Adding welcome page: class path resource [static/index.html]
2026-08-20 19:41:51.381 [main] INFO  [] o.a.coyote.http11.Http11NioProtocol - Starting ProtocolHandler ["http-nio-8080"]
2026-08-20 19:41:51.392 [main] INFO  [] o.s.b.w.e.tomcat.TomcatWebServer - Tomcat started on port(s): 8080 (http) with context path ''
2026-08-20 19:41:51.473 [main] INFO  [] o.s.b.w.e.tomcat.TomcatWebServer - Tomcat initialized with port(s): 8081 (http)
2026-08-20 19:41:51.475 [main] INFO  [] o.a.coyote.http11.Http11NioProtocol - Initializing ProtocolHandler ["http-nio-8081"]
2026-08-20 19:41:51.475 [main] INFO  [] o.a.catalina.core.StandardService - Starting service [Tomcat]
2026-08-20 19:41:51.475 [main] INFO  [] o.a.catalina.core.StandardEngine - Starting Servlet engine: [Apache Tomcat/9.0.83]
2026-08-20 19:41:51.507 [main] INFO  [] o.a.c.c.C.[Tomcat-1].[localhost].[/] - Initializing Spring embedded WebApplicationContext
2026-08-20 19:41:51.507 [main] INFO  [] o.s.b.w.s.c.ServletWebServerApplicationContext - Root WebApplicationContext: initialization completed in 108 ms
2026-08-20 19:41:51.518 [main] INFO  [] o.s.b.a.e.web.EndpointLinksResolver - Exposing 3 endpoint(s) beneath base path '/actuator'
2026-08-20 19:41:51.555 [main] INFO  [] o.a.coyote.http11.Http11NioProtocol - Starting ProtocolHandler ["http-nio-8081"]
2026-08-20 19:41:51.559 [main] INFO  [] o.s.b.w.e.tomcat.TomcatWebServer - Tomcat started on port(s): 8081 (http) with context path ''
2026-08-20 19:41:51.968 [main] INFO  [] o.s.a.r.c.CachingConnectionFactory - Attempting to connect to: [192.168.147.131:5672]
2026-08-20 19:41:52.002 [main] INFO  [] o.s.a.r.c.CachingConnectionFactory - Created new connection: rabbitConnectionFactory#18c820d2:0/SimpleConnection@463746eb [delegate=amqp://guess@192.168.147.131:5672/, localPort= 50868]
2026-08-20 19:41:52.130 [main] INFO  [] c.g.FlashTidyMallProjectApplication - Started FlashTidyMallProjectApplication in 9.683 seconds (JVM running for 12.359)
2026-08-20 19:41:52.150 [scheduling-1] INFO  [task-seckill-1787226112139] com.gdou.task.SeckillTask - 秒杀预热 SKU=101，促销库存=120，时间 Sat Aug 01 00:00:00 CST 2026 ~ Mon Aug 31 23:59:59 CST 2026
2026-08-20 19:41:52.155 [scheduling-1] INFO  [task-seckill-1787226112139] com.gdou.task.SeckillTask - 秒杀预热 SKU=102，促销库存=80，时间 Sat Aug 01 00:00:00 CST 2026 ~ Mon Aug 31 23:59:59 CST 2026
2026-08-20 19:41:52.158 [scheduling-1] INFO  [task-seckill-1787226112139] com.gdou.task.SeckillTask - 秒杀预热 SKU=201，促销库存=300，时间 Sat Aug 01 00:00:00 CST 2026 ~ Mon Aug 31 23:59:59 CST 2026
2026-08-20 19:41:52.162 [scheduling-1] INFO  [task-seckill-1787226112139] com.gdou.task.SeckillTask - 秒杀预热 SKU=301，促销库存=150，时间 Sat Aug 01 00:00:00 CST 2026 ~ Mon Aug 31 23:59:59 CST 2026
2026-08-20 19:41:52.165 [scheduling-1] INFO  [task-seckill-1787226112139] com.gdou.task.SeckillTask - 秒杀预热 SKU=1101，促销库存=180，时间 Sat Aug 01 00:00:00 CST 2026 ~ Mon Aug 31 23:59:59 CST 2026
2026-08-20 19:41:52.169 [scheduling-1] INFO  [task-seckill-1787226112139] com.gdou.task.SeckillTask - 秒杀预热 SKU=1301，促销库存=120，时间 Sat Aug 01 00:00:00 CST 2026 ~ Mon Aug 31 23:59:59 CST 2026
2026-08-20 19:41:52.173 [scheduling-1] INFO  [task-seckill-1787226112139] com.gdou.task.SeckillTask - 秒杀预热 SKU=1701，促销库存=100，时间 Sat Aug 01 00:00:00 CST 2026 ~ Mon Aug 31 23:59:59 CST 2026
2026-08-20 19:41:52.177 [scheduling-1] INFO  [task-seckill-1787226112139] com.gdou.task.SeckillTask - 秒杀预热 SKU=2101，促销库存=40，时间 Sat Aug 01 00:00:00 CST 2026 ~ Mon Aug 31 23:59:59 CST 2026
2026-08-20 19:41:52.184 [scheduling-1] INFO  [task-seckill-1787226112139] com.gdou.task.SeckillTask - 秒杀预热 SKU=2501，促销库存=120，时间 Sat Aug 01 00:00:00 CST 2026 ~ Mon Aug 31 23:59:59 CST 2026
2026-08-20 19:41:52.189 [scheduling-1] INFO  [task-seckill-1787226112139] com.gdou.task.SeckillTask - 秒杀预热 SKU=2801，促销库存=130，时间 Sat Aug 01 00:00:00 CST 2026 ~ Mon Aug 31 23:59:59 CST 2026
2026-08-20 19:41:52.193 [scheduling-1] INFO  [task-seckill-1787226112139] com.gdou.task.SeckillTask - 秒杀预热 SKU=2901，促销库存=90，时间 Sat Aug 01 00:00:00 CST 2026 ~ Mon Aug 31 23:59:59 CST 2026
2026-08-20 19:41:54.197 [RMI TCP Connection(1)-192.168.147.1] INFO  [] o.a.c.c.C.[Tomcat].[localhost].[/] - Initializing Spring DispatcherServlet 'dispatcherServlet'
2026-08-20 19:41:54.197 [RMI TCP Connection(1)-192.168.147.1] INFO  [] o.s.web.servlet.DispatcherServlet - Initializing Servlet 'dispatcherServlet'
2026-08-20 19:41:54.200 [RMI TCP Connection(1)-192.168.147.1] INFO  [] o.s.web.servlet.DispatcherServlet - Completed initialization in 3 ms
2026-08-20 19:41:54.258 [RMI TCP Connection(2)-192.168.147.1] WARN  [] org.elasticsearch.client.RestClient - request [GET http://192.168.147.131:9200/_cluster/health/] returned 1 warnings: [299 Elasticsearch-7.17.22-38e9ca2e81304a821c50862dafab089ca863944b "Elasticsearch built-in security features are not enabled. Without authentication, your cluster could be accessible to anyone. See https://www.elastic.co/guide/en/elasticsearch/reference/7.17/security-minimal-setup.html to enable security."]
2026-08-20 19:41:55.521 [http-nio-8081-exec-1] INFO  [] o.a.c.c.C.[Tomcat-1].[localhost].[/] - Initializing Spring DispatcherServlet 'dispatcherServlet'
2026-08-20 19:41:55.521 [http-nio-8081-exec-1] INFO  [] o.s.web.servlet.DispatcherServlet - Initializing Servlet 'dispatcherServlet'
2026-08-20 19:41:55.521 [http-nio-8081-exec-1] INFO  [] o.s.web.servlet.DispatcherServlet - Completed initialization in 0 ms
2026-08-20 19:42:56.020 [ForkJoinPool.commonPool-worker-9] INFO  [] com.gdou.agent.Tools - [Agent工具] search_goods 收到参数: keyword=蓝牙耳机, categoryId=null
2026-08-20 19:42:56.092 [ForkJoinPool.commonPool-worker-9] WARN  [] org.elasticsearch.client.RestClient - request [POST http://192.168.147.131:9200/spu/_search?typed_keys=true&max_concurrent_shard_requests=5&search_type=query_then_fetch&batched_reduce_size=512] returned 1 warnings: [299 Elasticsearch-7.17.22-38e9ca2e81304a821c50862dafab089ca863944b "Elasticsearch built-in security features are not enabled. Without authentication, your cluster could be accessible to anyone. See https://www.elastic.co/guide/en/elasticsearch/reference/7.17/security-minimal-setup.html to enable security."]
2026-08-20 19:43:42.846 [ForkJoinPool.commonPool-worker-2] INFO  [] c.gdou.service.impl.OrderServiceImpl - 用户2订单共15条
2026-08-20 19:50:16.375 [org.springframework.amqp.rabbit.RabbitListenerEndpointContainer#0-4] INFO  [] o.s.a.r.l.SimpleMessageListenerContainer - Waiting for workers to finish.
2026-08-20 19:50:16.380 [org.springframework.amqp.rabbit.RabbitListenerEndpointContainer#1-4] INFO  [] o.s.a.r.l.SimpleMessageListenerContainer - Waiting for workers to finish.
2026-08-20 19:50:16.388 [org.springframework.amqp.rabbit.RabbitListenerEndpointContainer#2-4] INFO  [] o.s.a.r.l.SimpleMessageListenerContainer - Waiting for workers to finish.
2026-08-20 19:50:16.813 [org.springframework.amqp.rabbit.RabbitListenerEndpointContainer#1-4] INFO  [] o.s.a.r.l.SimpleMessageListenerContainer - Successfully waited for workers to finish.
2026-08-20 19:50:16.813 [org.springframework.amqp.rabbit.RabbitListenerEndpointContainer#2-4] INFO  [] o.s.a.r.l.SimpleMessageListenerContainer - Successfully waited for workers to finish.
2026-08-20 19:50:16.813 [org.springframework.amqp.rabbit.RabbitListenerEndpointContainer#0-4] INFO  [] o.s.a.r.l.SimpleMessageListenerContainer - Successfully waited for workers to finish.
2026-08-20 19:50:19.022 [SpringApplicationShutdownHook] INFO  [] com.zaxxer.hikari.HikariDataSource - HikariPool-1 - Shutdown initiated...
2026-08-20 19:50:19.048 [SpringApplicationShutdownHook] INFO  [] com.zaxxer.hikari.HikariDataSource - HikariPool-1 - Shutdown completed.
2026-08-20 19:50:39.727 [background-preinit] INFO  [] o.h.validator.internal.util.Version - HV000001: Hibernate Validator 6.2.5.Final
2026-08-20 19:50:39.726 [main] INFO  [] c.g.FlashTidyMallProjectApplication - Starting FlashTidyMallProjectApplication using Java 1.8.0_492 on DESKTOP-PJGE1ML with PID 38196 (D:\hhw-mall-project\Flash_Tidy-mall-project\target\classes started by huanghaiwei in D:\hhw-mall-project)
2026-08-20 19:50:39.729 [main] INFO  [] c.g.FlashTidyMallProjectApplication - No active profile set, falling back to 1 default profile: "default"
2026-08-20 19:50:41.189 [main] INFO  [] o.s.d.r.c.RepositoryConfigurationDelegate - Multiple Spring Data modules found, entering strict repository configuration mode
2026-08-20 19:50:41.192 [main] INFO  [] o.s.d.r.c.RepositoryConfigurationDelegate - Bootstrapping Spring Data Elasticsearch repositories in DEFAULT mode.
2026-08-20 19:50:41.219 [main] INFO  [] o.s.d.r.c.RepositoryConfigurationDelegate - Finished Spring Data repository scanning in 22 ms. Found 0 Elasticsearch repository interfaces.
2026-08-20 19:50:41.222 [main] INFO  [] o.s.d.r.c.RepositoryConfigurationDelegate - Multiple Spring Data modules found, entering strict repository configuration mode
2026-08-20 19:50:41.224 [main] INFO  [] o.s.d.r.c.RepositoryConfigurationDelegate - Bootstrapping Spring Data Reactive Elasticsearch repositories in DEFAULT mode.
2026-08-20 19:50:41.236 [main] INFO  [] o.s.d.r.c.RepositoryConfigurationDelegate - Finished Spring Data repository scanning in 12 ms. Found 0 Reactive Elasticsearch repository interfaces.
2026-08-20 19:50:41.246 [main] INFO  [] o.s.d.r.c.RepositoryConfigurationDelegate - Multiple Spring Data modules found, entering strict repository configuration mode
2026-08-20 19:50:41.247 [main] INFO  [] o.s.d.r.c.RepositoryConfigurationDelegate - Bootstrapping Spring Data Redis repositories in DEFAULT mode.
2026-08-20 19:50:41.265 [main] INFO  [] o.s.d.r.c.RepositoryConfigurationDelegate - Finished Spring Data repository scanning in 11 ms. Found 0 Redis repository interfaces.
2026-08-20 19:50:41.890 [main] INFO  [] o.s.b.w.e.tomcat.TomcatWebServer - Tomcat initialized with port(s): 8080 (http)
2026-08-20 19:50:41.898 [main] INFO  [] o.a.coyote.http11.Http11NioProtocol - Initializing ProtocolHandler ["http-nio-8080"]
2026-08-20 19:50:41.899 [main] INFO  [] o.a.catalina.core.StandardService - Starting service [Tomcat]
2026-08-20 19:50:41.899 [main] INFO  [] o.a.catalina.core.StandardEngine - Starting Servlet engine: [Apache Tomcat/9.0.83]
2026-08-20 19:50:42.053 [main] INFO  [] o.a.c.c.C.[Tomcat].[localhost].[/] - Initializing Spring embedded WebApplicationContext
2026-08-20 19:50:42.054 [main] INFO  [] o.s.b.w.s.c.ServletWebServerApplicationContext - Root WebApplicationContext: initialization completed in 2278 ms
2026-08-20 19:50:44.714 [I/O dispatcher 1] WARN  [] org.elasticsearch.client.RestClient - request [GET http://192.168.147.131:9200/] returned 1 warnings: [299 Elasticsearch-7.17.22-38e9ca2e81304a821c50862dafab089ca863944b "Elasticsearch built-in security features are not enabled. Without authentication, your cluster could be accessible to anyone. See https://www.elastic.co/guide/en/elasticsearch/reference/7.17/security-minimal-setup.html to enable security."]
2026-08-20 19:50:44.732 [main] WARN  [task-es-init-1787226644628] org.elasticsearch.client.RestClient - request [HEAD http://192.168.147.131:9200/spu] returned 1 warnings: [299 Elasticsearch-7.17.22-38e9ca2e81304a821c50862dafab089ca863944b "Elasticsearch built-in security features are not enabled. Without authentication, your cluster could be accessible to anyone. See https://www.elastic.co/guide/en/elasticsearch/reference/7.17/security-minimal-setup.html to enable security."]
2026-08-20 19:50:44.802 [main] WARN  [task-es-init-1787226644628] org.elasticsearch.client.RestClient - request [POST http://192.168.147.131:9200/spu/_search?typed_keys=true&max_concurrent_shard_requests=5&search_type=query_then_fetch&batched_reduce_size=512] returned 1 warnings: [299 Elasticsearch-7.17.22-38e9ca2e81304a821c50862dafab089ca863944b "Elasticsearch built-in security features are not enabled. Without authentication, your cluster could be accessible to anyone. See https://www.elastic.co/guide/en/elasticsearch/reference/7.17/security-minimal-setup.html to enable security."]
2026-08-20 19:50:44.808 [main] INFO  [task-es-init-1787226644628] com.gdou.task.EsSyncTask - 当前ES已有文档，跳过全量同步
2026-08-20 19:50:44.861 [main] INFO  [task-seckill-1787226644812] com.zaxxer.hikari.HikariDataSource - HikariPool-1 - Starting...
2026-08-20 19:50:45.075 [main] INFO  [task-seckill-1787226644812] com.zaxxer.hikari.HikariDataSource - HikariPool-1 - Start completed.
2026-08-20 19:50:47.265 [main] INFO  [task-seckill-1787226644812] com.gdou.task.SeckillTask - 秒杀预热 SKU=101，促销库存=120，时间 Sat Aug 01 00:00:00 CST 2026 ~ Mon Aug 31 23:59:59 CST 2026
2026-08-20 19:50:47.269 [main] INFO  [task-seckill-1787226644812] com.gdou.task.SeckillTask - 秒杀预热 SKU=102，促销库存=80，时间 Sat Aug 01 00:00:00 CST 2026 ~ Mon Aug 31 23:59:59 CST 2026
2026-08-20 19:50:47.275 [main] INFO  [task-seckill-1787226644812] com.gdou.task.SeckillTask - 秒杀预热 SKU=201，促销库存=300，时间 Sat Aug 01 00:00:00 CST 2026 ~ Mon Aug 31 23:59:59 CST 2026
2026-08-20 19:50:47.281 [main] INFO  [task-seckill-1787226644812] com.gdou.task.SeckillTask - 秒杀预热 SKU=301，促销库存=150，时间 Sat Aug 01 00:00:00 CST 2026 ~ Mon Aug 31 23:59:59 CST 2026
2026-08-20 19:50:47.285 [main] INFO  [task-seckill-1787226644812] com.gdou.task.SeckillTask - 秒杀预热 SKU=1101，促销库存=180，时间 Sat Aug 01 00:00:00 CST 2026 ~ Mon Aug 31 23:59:59 CST 2026
2026-08-20 19:50:47.290 [main] INFO  [task-seckill-1787226644812] com.gdou.task.SeckillTask - 秒杀预热 SKU=1301，促销库存=120，时间 Sat Aug 01 00:00:00 CST 2026 ~ Mon Aug 31 23:59:59 CST 2026
2026-08-20 19:50:47.297 [main] INFO  [task-seckill-1787226644812] com.gdou.task.SeckillTask - 秒杀预热 SKU=1701，促销库存=100，时间 Sat Aug 01 00:00:00 CST 2026 ~ Mon Aug 31 23:59:59 CST 2026
2026-08-20 19:50:47.300 [main] INFO  [task-seckill-1787226644812] com.gdou.task.SeckillTask - 秒杀预热 SKU=2101，促销库存=40，时间 Sat Aug 01 00:00:00 CST 2026 ~ Mon Aug 31 23:59:59 CST 2026
2026-08-20 19:50:47.307 [main] INFO  [task-seckill-1787226644812] com.gdou.task.SeckillTask - 秒杀预热 SKU=2501，促销库存=120，时间 Sat Aug 01 00:00:00 CST 2026 ~ Mon Aug 31 23:59:59 CST 2026
2026-08-20 19:50:47.315 [main] INFO  [task-seckill-1787226644812] com.gdou.task.SeckillTask - 秒杀预热 SKU=2801，促销库存=130，时间 Sat Aug 01 00:00:00 CST 2026 ~ Mon Aug 31 23:59:59 CST 2026
2026-08-20 19:50:47.319 [main] INFO  [task-seckill-1787226644812] com.gdou.task.SeckillTask - 秒杀预热 SKU=2901，促销库存=90，时间 Sat Aug 01 00:00:00 CST 2026 ~ Mon Aug 31 23:59:59 CST 2026
2026-08-20 19:50:47.914 [main] INFO  [] o.s.b.a.w.s.WelcomePageHandlerMapping - Adding welcome page: class path resource [static/index.html]
2026-08-20 19:50:48.347 [main] INFO  [] o.a.coyote.http11.Http11NioProtocol - Starting ProtocolHandler ["http-nio-8080"]
2026-08-20 19:50:48.359 [main] INFO  [] o.s.b.w.e.tomcat.TomcatWebServer - Tomcat started on port(s): 8080 (http) with context path ''
2026-08-20 19:50:48.440 [main] INFO  [] o.s.b.w.e.tomcat.TomcatWebServer - Tomcat initialized with port(s): 8081 (http)
2026-08-20 19:50:48.440 [main] INFO  [] o.a.coyote.http11.Http11NioProtocol - Initializing ProtocolHandler ["http-nio-8081"]
2026-08-20 19:50:48.440 [main] INFO  [] o.a.catalina.core.StandardService - Starting service [Tomcat]
2026-08-20 19:50:48.440 [main] INFO  [] o.a.catalina.core.StandardEngine - Starting Servlet engine: [Apache Tomcat/9.0.83]
2026-08-20 19:50:48.470 [main] INFO  [] o.a.c.c.C.[Tomcat-1].[localhost].[/] - Initializing Spring embedded WebApplicationContext
2026-08-20 19:50:48.470 [main] INFO  [] o.s.b.w.s.c.ServletWebServerApplicationContext - Root WebApplicationContext: initialization completed in 105 ms
2026-08-20 19:50:48.482 [main] INFO  [] o.s.b.a.e.web.EndpointLinksResolver - Exposing 3 endpoint(s) beneath base path '/actuator'
2026-08-20 19:50:48.520 [main] INFO  [] o.a.coyote.http11.Http11NioProtocol - Starting ProtocolHandler ["http-nio-8081"]
2026-08-20 19:50:48.522 [main] INFO  [] o.s.b.w.e.tomcat.TomcatWebServer - Tomcat started on port(s): 8081 (http) with context path ''
2026-08-20 19:50:48.925 [main] INFO  [] o.s.a.r.c.CachingConnectionFactory - Attempting to connect to: [192.168.147.131:5672]
2026-08-20 19:50:48.963 [main] INFO  [] o.s.a.r.c.CachingConnectionFactory - Created new connection: rabbitConnectionFactory#5ee77baf:0/SimpleConnection@3a678e40 [delegate=amqp://guess@192.168.147.131:5672/, localPort= 65428]
2026-08-20 19:50:49.096 [main] INFO  [] c.g.FlashTidyMallProjectApplication - Started FlashTidyMallProjectApplication in 9.853 seconds (JVM running for 12.516)
2026-08-20 19:50:49.117 [scheduling-1] INFO  [task-seckill-1787226649105] com.gdou.task.SeckillTask - 秒杀预热 SKU=101，促销库存=120，时间 Sat Aug 01 00:00:00 CST 2026 ~ Mon Aug 31 23:59:59 CST 2026
2026-08-20 19:50:49.121 [scheduling-1] INFO  [task-seckill-1787226649105] com.gdou.task.SeckillTask - 秒杀预热 SKU=102，促销库存=80，时间 Sat Aug 01 00:00:00 CST 2026 ~ Mon Aug 31 23:59:59 CST 2026
2026-08-20 19:50:49.124 [scheduling-1] INFO  [task-seckill-1787226649105] com.gdou.task.SeckillTask - 秒杀预热 SKU=201，促销库存=300，时间 Sat Aug 01 00:00:00 CST 2026 ~ Mon Aug 31 23:59:59 CST 2026
2026-08-20 19:50:49.128 [scheduling-1] INFO  [task-seckill-1787226649105] com.gdou.task.SeckillTask - 秒杀预热 SKU=301，促销库存=150，时间 Sat Aug 01 00:00:00 CST 2026 ~ Mon Aug 31 23:59:59 CST 2026
2026-08-20 19:50:49.134 [scheduling-1] INFO  [task-seckill-1787226649105] com.gdou.task.SeckillTask - 秒杀预热 SKU=1101，促销库存=180，时间 Sat Aug 01 00:00:00 CST 2026 ~ Mon Aug 31 23:59:59 CST 2026
2026-08-20 19:50:49.139 [scheduling-1] INFO  [task-seckill-1787226649105] com.gdou.task.SeckillTask - 秒杀预热 SKU=1301，促销库存=120，时间 Sat Aug 01 00:00:00 CST 2026 ~ Mon Aug 31 23:59:59 CST 2026
2026-08-20 19:50:49.145 [scheduling-1] INFO  [task-seckill-1787226649105] com.gdou.task.SeckillTask - 秒杀预热 SKU=1701，促销库存=100，时间 Sat Aug 01 00:00:00 CST 2026 ~ Mon Aug 31 23:59:59 CST 2026
2026-08-20 19:50:49.151 [scheduling-1] INFO  [task-seckill-1787226649105] com.gdou.task.SeckillTask - 秒杀预热 SKU=2101，促销库存=40，时间 Sat Aug 01 00:00:00 CST 2026 ~ Mon Aug 31 23:59:59 CST 2026
2026-08-20 19:50:49.157 [scheduling-1] INFO  [task-seckill-1787226649105] com.gdou.task.SeckillTask - 秒杀预热 SKU=2501，促销库存=120，时间 Sat Aug 01 00:00:00 CST 2026 ~ Mon Aug 31 23:59:59 CST 2026
2026-08-20 19:50:49.162 [scheduling-1] INFO  [task-seckill-1787226649105] com.gdou.task.SeckillTask - 秒杀预热 SKU=2801，促销库存=130，时间 Sat Aug 01 00:00:00 CST 2026 ~ Mon Aug 31 23:59:59 CST 2026
2026-08-20 19:50:49.166 [scheduling-1] INFO  [task-seckill-1787226649105] com.gdou.task.SeckillTask - 秒杀预热 SKU=2901，促销库存=90，时间 Sat Aug 01 00:00:00 CST 2026 ~ Mon Aug 31 23:59:59 CST 2026
2026-08-20 19:50:51.056 [RMI TCP Connection(1)-192.168.147.1] INFO  [] o.a.c.c.C.[Tomcat].[localhost].[/] - Initializing Spring DispatcherServlet 'dispatcherServlet'
2026-08-20 19:50:51.056 [RMI TCP Connection(1)-192.168.147.1] INFO  [] o.s.web.servlet.DispatcherServlet - Initializing Servlet 'dispatcherServlet'
2026-08-20 19:50:51.059 [RMI TCP Connection(1)-192.168.147.1] INFO  [] o.s.web.servlet.DispatcherServlet - Completed initialization in 3 ms
2026-08-20 19:50:51.065 [RMI TCP Connection(2)-192.168.147.1] WARN  [] org.elasticsearch.client.RestClient - request [GET http://192.168.147.131:9200/_cluster/health/] returned 1 warnings: [299 Elasticsearch-7.17.22-38e9ca2e81304a821c50862dafab089ca863944b "Elasticsearch built-in security features are not enabled. Without authentication, your cluster could be accessible to anyone. See https://www.elastic.co/guide/en/elasticsearch/reference/7.17/security-minimal-setup.html to enable security."]
2026-08-20 19:50:55.522 [http-nio-8081-exec-1] INFO  [] o.a.c.c.C.[Tomcat-1].[localhost].[/] - Initializing Spring DispatcherServlet 'dispatcherServlet'
2026-08-20 19:50:55.522 [http-nio-8081-exec-1] INFO  [] o.s.web.servlet.DispatcherServlet - Initializing Servlet 'dispatcherServlet'
2026-08-20 19:50:55.522 [http-nio-8081-exec-1] INFO  [] o.s.web.servlet.DispatcherServlet - Completed initialization in 0 ms
2026-08-20 20:27:55.682 [HikariPool-1 housekeeper] WARN  [] com.zaxxer.hikari.pool.HikariPool - HikariPool-1 - Thread starvation or clock leap detected (housekeeper delta=22m40s273ms92µs900ns).
2026-08-20 20:35:20.469 [org.springframework.amqp.rabbit.RabbitListenerEndpointContainer#0-4] INFO  [] o.s.a.r.l.SimpleMessageListenerContainer - Waiting for workers to finish.
2026-08-20 20:35:20.479 [org.springframework.amqp.rabbit.RabbitListenerEndpointContainer#1-4] INFO  [] o.s.a.r.l.SimpleMessageListenerContainer - Waiting for workers to finish.
2026-08-20 20:35:20.486 [org.springframework.amqp.rabbit.RabbitListenerEndpointContainer#2-4] INFO  [] o.s.a.r.l.SimpleMessageListenerContainer - Waiting for workers to finish.
2026-08-20 20:35:21.054 [org.springframework.amqp.rabbit.RabbitListenerEndpointContainer#0-4] INFO  [] o.s.a.r.l.SimpleMessageListenerContainer - Successfully waited for workers to finish.
2026-08-20 20:35:21.055 [org.springframework.amqp.rabbit.RabbitListenerEndpointContainer#1-4] INFO  [] o.s.a.r.l.SimpleMessageListenerContainer - Successfully waited for workers to finish.
2026-08-20 20:35:21.193 [org.springframework.amqp.rabbit.RabbitListenerEndpointContainer#2-4] INFO  [] o.s.a.r.l.SimpleMessageListenerContainer - Successfully waited for workers to finish.
2026-08-20 20:35:23.152 [SpringApplicationShutdownHook] INFO  [] com.zaxxer.hikari.HikariDataSource - HikariPool-1 - Shutdown initiated...
2026-08-20 20:35:23.161 [SpringApplicationShutdownHook] INFO  [] com.zaxxer.hikari.HikariDataSource - HikariPool-1 - Shutdown completed.
2026-08-20 20:35:43.783 [background-preinit] INFO  [] o.h.validator.internal.util.Version - HV000001: Hibernate Validator 6.2.5.Final
2026-08-20 20:35:43.781 [main] INFO  [] c.g.FlashTidyMallProjectApplication - Starting FlashTidyMallProjectApplication using Java 1.8.0_492 on DESKTOP-PJGE1ML with PID 37416 (D:\hhw-mall-project\Flash_Tidy-mall-project\target\classes started by huanghaiwei in D:\hhw-mall-project)
2026-08-20 20:35:43.784 [main] INFO  [] c.g.FlashTidyMallProjectApplication - No active profile set, falling back to 1 default profile: "default"
2026-08-20 20:35:45.238 [main] INFO  [] o.s.d.r.c.RepositoryConfigurationDelegate - Multiple Spring Data modules found, entering strict repository configuration mode
2026-08-20 20:35:45.241 [main] INFO  [] o.s.d.r.c.RepositoryConfigurationDelegate - Bootstrapping Spring Data Elasticsearch repositories in DEFAULT mode.
2026-08-20 20:35:45.269 [main] INFO  [] o.s.d.r.c.RepositoryConfigurationDelegate - Finished Spring Data repository scanning in 23 ms. Found 0 Elasticsearch repository interfaces.
2026-08-20 20:35:45.273 [main] INFO  [] o.s.d.r.c.RepositoryConfigurationDelegate - Multiple Spring Data modules found, entering strict repository configuration mode
2026-08-20 20:35:45.273 [main] INFO  [] o.s.d.r.c.RepositoryConfigurationDelegate - Bootstrapping Spring Data Reactive Elasticsearch repositories in DEFAULT mode.
2026-08-20 20:35:45.287 [main] INFO  [] o.s.d.r.c.RepositoryConfigurationDelegate - Finished Spring Data repository scanning in 13 ms. Found 0 Reactive Elasticsearch repository interfaces.
2026-08-20 20:35:45.295 [main] INFO  [] o.s.d.r.c.RepositoryConfigurationDelegate - Multiple Spring Data modules found, entering strict repository configuration mode
2026-08-20 20:35:45.296 [main] INFO  [] o.s.d.r.c.RepositoryConfigurationDelegate - Bootstrapping Spring Data Redis repositories in DEFAULT mode.
2026-08-20 20:35:45.317 [main] INFO  [] o.s.d.r.c.RepositoryConfigurationDelegate - Finished Spring Data repository scanning in 12 ms. Found 0 Redis repository interfaces.
2026-08-20 20:35:45.949 [main] INFO  [] o.s.b.w.e.tomcat.TomcatWebServer - Tomcat initialized with port(s): 8080 (http)
2026-08-20 20:35:45.956 [main] INFO  [] o.a.coyote.http11.Http11NioProtocol - Initializing ProtocolHandler ["http-nio-8080"]
2026-08-20 20:35:45.957 [main] INFO  [] o.a.catalina.core.StandardService - Starting service [Tomcat]
2026-08-20 20:35:45.957 [main] INFO  [] o.a.catalina.core.StandardEngine - Starting Servlet engine: [Apache Tomcat/9.0.83]
2026-08-20 20:35:46.108 [main] INFO  [] o.a.c.c.C.[Tomcat].[localhost].[/] - Initializing Spring embedded WebApplicationContext
2026-08-20 20:35:46.108 [main] INFO  [] o.s.b.w.s.c.ServletWebServerApplicationContext - Root WebApplicationContext: initialization completed in 2279 ms
2026-08-20 20:35:48.764 [I/O dispatcher 1] WARN  [] org.elasticsearch.client.RestClient - request [GET http://192.168.147.131:9200/] returned 1 warnings: [299 Elasticsearch-7.17.22-38e9ca2e81304a821c50862dafab089ca863944b "Elasticsearch built-in security features are not enabled. Without authentication, your cluster could be accessible to anyone. See https://www.elastic.co/guide/en/elasticsearch/reference/7.17/security-minimal-setup.html to enable security."]
2026-08-20 20:35:48.781 [main] WARN  [task-es-init-1787229348676] org.elasticsearch.client.RestClient - request [HEAD http://192.168.147.131:9200/spu] returned 1 warnings: [299 Elasticsearch-7.17.22-38e9ca2e81304a821c50862dafab089ca863944b "Elasticsearch built-in security features are not enabled. Without authentication, your cluster could be accessible to anyone. See https://www.elastic.co/guide/en/elasticsearch/reference/7.17/security-minimal-setup.html to enable security."]
2026-08-20 20:35:48.852 [main] WARN  [task-es-init-1787229348676] org.elasticsearch.client.RestClient - request [POST http://192.168.147.131:9200/spu/_search?typed_keys=true&max_concurrent_shard_requests=5&search_type=query_then_fetch&batched_reduce_size=512] returned 1 warnings: [299 Elasticsearch-7.17.22-38e9ca2e81304a821c50862dafab089ca863944b "Elasticsearch built-in security features are not enabled. Without authentication, your cluster could be accessible to anyone. See https://www.elastic.co/guide/en/elasticsearch/reference/7.17/security-minimal-setup.html to enable security."]
2026-08-20 20:35:48.859 [main] INFO  [task-es-init-1787229348676] com.gdou.task.EsSyncTask - 当前ES已有文档，跳过全量同步
2026-08-20 20:35:48.912 [main] INFO  [task-seckill-1787229348862] com.zaxxer.hikari.HikariDataSource - HikariPool-1 - Starting...
2026-08-20 20:35:49.131 [main] INFO  [task-seckill-1787229348862] com.zaxxer.hikari.HikariDataSource - HikariPool-1 - Start completed.
2026-08-20 20:35:51.379 [main] INFO  [task-seckill-1787229348862] com.gdou.task.SeckillTask - 秒杀预热 SKU=101，促销库存=120，时间 Sat Aug 01 00:00:00 CST 2026 ~ Mon Aug 31 23:59:59 CST 2026
2026-08-20 20:35:51.383 [main] INFO  [task-seckill-1787229348862] com.gdou.task.SeckillTask - 秒杀预热 SKU=102，促销库存=80，时间 Sat Aug 01 00:00:00 CST 2026 ~ Mon Aug 31 23:59:59 CST 2026
2026-08-20 20:35:51.389 [main] INFO  [task-seckill-1787229348862] com.gdou.task.SeckillTask - 秒杀预热 SKU=201，促销库存=300，时间 Sat Aug 01 00:00:00 CST 2026 ~ Mon Aug 31 23:59:59 CST 2026
2026-08-20 20:35:51.394 [main] INFO  [task-seckill-1787229348862] com.gdou.task.SeckillTask - 秒杀预热 SKU=301，促销库存=150，时间 Sat Aug 01 00:00:00 CST 2026 ~ Mon Aug 31 23:59:59 CST 2026
2026-08-20 20:35:51.401 [main] INFO  [task-seckill-1787229348862] com.gdou.task.SeckillTask - 秒杀预热 SKU=1101，促销库存=180，时间 Sat Aug 01 00:00:00 CST 2026 ~ Mon Aug 31 23:59:59 CST 2026
2026-08-20 20:35:51.405 [main] INFO  [task-seckill-1787229348862] com.gdou.task.SeckillTask - 秒杀预热 SKU=1301，促销库存=120，时间 Sat Aug 01 00:00:00 CST 2026 ~ Mon Aug 31 23:59:59 CST 2026
2026-08-20 20:35:51.411 [main] INFO  [task-seckill-1787229348862] com.gdou.task.SeckillTask - 秒杀预热 SKU=1701，促销库存=100，时间 Sat Aug 01 00:00:00 CST 2026 ~ Mon Aug 31 23:59:59 CST 2026
2026-08-20 20:35:51.415 [main] INFO  [task-seckill-1787229348862] com.gdou.task.SeckillTask - 秒杀预热 SKU=2101，促销库存=40，时间 Sat Aug 01 00:00:00 CST 2026 ~ Mon Aug 31 23:59:59 CST 2026
2026-08-20 20:35:51.421 [main] INFO  [task-seckill-1787229348862] com.gdou.task.SeckillTask - 秒杀预热 SKU=2501，促销库存=120，时间 Sat Aug 01 00:00:00 CST 2026 ~ Mon Aug 31 23:59:59 CST 2026
2026-08-20 20:35:51.427 [main] INFO  [task-seckill-1787229348862] com.gdou.task.SeckillTask - 秒杀预热 SKU=2801，促销库存=130，时间 Sat Aug 01 00:00:00 CST 2026 ~ Mon Aug 31 23:59:59 CST 2026
2026-08-20 20:35:51.429 [main] INFO  [task-seckill-1787229348862] com.gdou.task.SeckillTask - 秒杀预热 SKU=2901，促销库存=90，时间 Sat Aug 01 00:00:00 CST 2026 ~ Mon Aug 31 23:59:59 CST 2026
2026-08-20 20:35:52.043 [main] INFO  [] o.s.b.a.w.s.WelcomePageHandlerMapping - Adding welcome page: class path resource [static/index.html]
2026-08-20 20:35:52.473 [main] INFO  [] o.a.coyote.http11.Http11NioProtocol - Starting ProtocolHandler ["http-nio-8080"]
2026-08-20 20:35:52.484 [main] INFO  [] o.s.b.w.e.tomcat.TomcatWebServer - Tomcat started on port(s): 8080 (http) with context path ''
2026-08-20 20:35:52.563 [main] INFO  [] o.s.b.w.e.tomcat.TomcatWebServer - Tomcat initialized with port(s): 8081 (http)
2026-08-20 20:35:52.563 [main] INFO  [] o.a.coyote.http11.Http11NioProtocol - Initializing ProtocolHandler ["http-nio-8081"]
2026-08-20 20:35:52.563 [main] INFO  [] o.a.catalina.core.StandardService - Starting service [Tomcat]
2026-08-20 20:35:52.563 [main] INFO  [] o.a.catalina.core.StandardEngine - Starting Servlet engine: [Apache Tomcat/9.0.83]
2026-08-20 20:35:52.597 [main] INFO  [] o.a.c.c.C.[Tomcat-1].[localhost].[/] - Initializing Spring embedded WebApplicationContext
2026-08-20 20:35:52.597 [main] INFO  [] o.s.b.w.s.c.ServletWebServerApplicationContext - Root WebApplicationContext: initialization completed in 107 ms
2026-08-20 20:35:52.608 [main] INFO  [] o.s.b.a.e.web.EndpointLinksResolver - Exposing 3 endpoint(s) beneath base path '/actuator'
2026-08-20 20:35:52.649 [main] INFO  [] o.a.coyote.http11.Http11NioProtocol - Starting ProtocolHandler ["http-nio-8081"]
2026-08-20 20:35:52.651 [main] INFO  [] o.s.b.w.e.tomcat.TomcatWebServer - Tomcat started on port(s): 8081 (http) with context path ''
2026-08-20 20:35:53.079 [main] INFO  [] o.s.a.r.c.CachingConnectionFactory - Attempting to connect to: [192.168.147.131:5672]
2026-08-20 20:35:53.115 [main] INFO  [] o.s.a.r.c.CachingConnectionFactory - Created new connection: rabbitConnectionFactory#30d15e4a:0/SimpleConnection@21abd3a3 [delegate=amqp://guess@192.168.147.131:5672/, localPort= 49944]
2026-08-20 20:35:53.248 [main] INFO  [] c.g.FlashTidyMallProjectApplication - Started FlashTidyMallProjectApplication in 9.938 seconds (JVM running for 12.64)
2026-08-20 20:35:53.267 [scheduling-1] INFO  [task-seckill-1787229353256] com.gdou.task.SeckillTask - 秒杀预热 SKU=101，促销库存=120，时间 Sat Aug 01 00:00:00 CST 2026 ~ Mon Aug 31 23:59:59 CST 2026
2026-08-20 20:35:53.271 [scheduling-1] INFO  [task-seckill-1787229353256] com.gdou.task.SeckillTask - 秒杀预热 SKU=102，促销库存=80，时间 Sat Aug 01 00:00:00 CST 2026 ~ Mon Aug 31 23:59:59 CST 2026
2026-08-20 20:35:53.273 [scheduling-1] INFO  [task-seckill-1787229353256] com.gdou.task.SeckillTask - 秒杀预热 SKU=201，促销库存=300，时间 Sat Aug 01 00:00:00 CST 2026 ~ Mon Aug 31 23:59:59 CST 2026
2026-08-20 20:35:53.278 [scheduling-1] INFO  [task-seckill-1787229353256] com.gdou.task.SeckillTask - 秒杀预热 SKU=301，促销库存=150，时间 Sat Aug 01 00:00:00 CST 2026 ~ Mon Aug 31 23:59:59 CST 2026
2026-08-20 20:35:53.281 [scheduling-1] INFO  [task-seckill-1787229353256] com.gdou.task.SeckillTask - 秒杀预热 SKU=1101，促销库存=180，时间 Sat Aug 01 00:00:00 CST 2026 ~ Mon Aug 31 23:59:59 CST 2026
2026-08-20 20:35:53.287 [scheduling-1] INFO  [task-seckill-1787229353256] com.gdou.task.SeckillTask - 秒杀预热 SKU=1301，促销库存=120，时间 Sat Aug 01 00:00:00 CST 2026 ~ Mon Aug 31 23:59:59 CST 2026
2026-08-20 20:35:53.291 [scheduling-1] INFO  [task-seckill-1787229353256] com.gdou.task.SeckillTask - 秒杀预热 SKU=1701，促销库存=100，时间 Sat Aug 01 00:00:00 CST 2026 ~ Mon Aug 31 23:59:59 CST 2026
2026-08-20 20:35:53.298 [scheduling-1] INFO  [task-seckill-1787229353256] com.gdou.task.SeckillTask - 秒杀预热 SKU=2101，促销库存=40，时间 Sat Aug 01 00:00:00 CST 2026 ~ Mon Aug 31 23:59:59 CST 2026
2026-08-20 20:35:53.301 [scheduling-1] INFO  [task-seckill-1787229353256] com.gdou.task.SeckillTask - 秒杀预热 SKU=2501，促销库存=120，时间 Sat Aug 01 00:00:00 CST 2026 ~ Mon Aug 31 23:59:59 CST 2026
2026-08-20 20:35:53.309 [scheduling-1] INFO  [task-seckill-1787229353256] com.gdou.task.SeckillTask - 秒杀预热 SKU=2801，促销库存=130，时间 Sat Aug 01 00:00:00 CST 2026 ~ Mon Aug 31 23:59:59 CST 2026
2026-08-20 20:35:53.314 [scheduling-1] INFO  [task-seckill-1787229353256] com.gdou.task.SeckillTask - 秒杀预热 SKU=2901，促销库存=90，时间 Sat Aug 01 00:00:00 CST 2026 ~ Mon Aug 31 23:59:59 CST 2026
2026-08-20 20:35:56.298 [http-nio-8081-exec-1] INFO  [] o.a.c.c.C.[Tomcat-1].[localhost].[/] - Initializing Spring DispatcherServlet 'dispatcherServlet'
2026-08-20 20:35:56.299 [http-nio-8081-exec-1] INFO  [] o.s.web.servlet.DispatcherServlet - Initializing Servlet 'dispatcherServlet'
2026-08-20 20:35:56.299 [http-nio-8081-exec-1] INFO  [] o.s.web.servlet.DispatcherServlet - Completed initialization in 0 ms
2026-08-20 20:35:57.426 [RMI TCP Connection(3)-192.168.147.1] INFO  [] o.a.c.c.C.[Tomcat].[localhost].[/] - Initializing Spring DispatcherServlet 'dispatcherServlet'
2026-08-20 20:35:57.427 [RMI TCP Connection(3)-192.168.147.1] INFO  [] o.s.web.servlet.DispatcherServlet - Initializing Servlet 'dispatcherServlet'
2026-08-20 20:35:57.431 [RMI TCP Connection(3)-192.168.147.1] INFO  [] o.s.web.servlet.DispatcherServlet - Completed initialization in 4 ms
2026-08-20 20:35:57.468 [RMI TCP Connection(2)-192.168.147.1] WARN  [] org.elasticsearch.client.RestClient - request [GET http://192.168.147.131:9200/_cluster/health/] returned 1 warnings: [299 Elasticsearch-7.17.22-38e9ca2e81304a821c50862dafab089ca863944b "Elasticsearch built-in security features are not enabled. Without authentication, your cluster could be accessible to anyone. See https://www.elastic.co/guide/en/elasticsearch/reference/7.17/security-minimal-setup.html to enable security."]
2026-08-20 20:42:00.741 [http-nio-8080-exec-1] WARN  [bd55a84b32494d91] com.gdou.inteceptor.JwtInterceptor - JWT 校验失败或已过期，拦截请求: /hhw/assistant/chat/stream
2026-08-20 20:42:19.136 [http-nio-8080-exec-9] WARN  [2f96eb16478c4631] com.gdou.inteceptor.JwtInterceptor - JWT 校验失败或已过期，拦截请求: /hhw/user/order/queryList
2026-08-20 20:42:21.399 [http-nio-8080-exec-2] INFO  [3e6d3f4a7d684a8b] com.gdou.controller.GoodsController - 用户浏览商品：categoryId=null, keyword=null, page=1
2026-08-20 20:42:21.469 [http-nio-8080-exec-2] WARN  [3e6d3f4a7d684a8b] org.elasticsearch.client.RestClient - request [POST http://192.168.147.131:9200/spu/_search?typed_keys=true&max_concurrent_shard_requests=5&search_type=query_then_fetch&batched_reduce_size=512] returned 1 warnings: [299 Elasticsearch-7.17.22-38e9ca2e81304a821c50862dafab089ca863944b "Elasticsearch built-in security features are not enabled. Without authentication, your cluster could be accessible to anyone. See https://www.elastic.co/guide/en/elasticsearch/reference/7.17/security-minimal-setup.html to enable security."]
2026-08-20 20:42:46.305 [ForkJoinPool.commonPool-worker-9] INFO  [] c.gdou.service.impl.OrderServiceImpl - 用户2订单共15条
2026-08-20 20:42:46.307 [ForkJoinPool.commonPool-worker-9] INFO  [] com.gdou.agent.Tools - [Agent工具] query_orders 提取订单卡片 15 张
2026-08-20 20:43:00.873 [http-nio-8080-exec-10] INFO  [a463581c3dfb43a2] c.g.c.user.UserOrderController - 用户2正在查询所有订单
2026-08-20 20:43:00.968 [http-nio-8080-exec-10] INFO  [a463581c3dfb43a2] c.gdou.service.impl.OrderServiceImpl - 用户2订单共15条
2026-08-20 20:43:10.303 [http-nio-8080-exec-3] INFO  [276cc1a1bb1544c9] com.gdou.controller.GoodsController - 用户查看商品详情：spuId=11
2026-08-20 20:43:10.325 [http-nio-8080-exec-3] INFO  [276cc1a1bb1544c9] com.gdou.service.impl.SpuServiceImpl - 用户查看商品详情：spuId=11
2026-08-20 21:08:42.478 [HikariPool-1 housekeeper] WARN  [] com.zaxxer.hikari.pool.HikariPool - HikariPool-1 - Thread starvation or clock leap detected (housekeeper delta=18m53s22ms509µs200ns).
2026-08-20 21:17:16.891 [org.springframework.amqp.rabbit.RabbitListenerEndpointContainer#0-4] INFO  [] o.s.a.r.l.SimpleMessageListenerContainer - Waiting for workers to finish.
2026-08-20 21:17:16.896 [org.springframework.amqp.rabbit.RabbitListenerEndpointContainer#1-4] INFO  [] o.s.a.r.l.SimpleMessageListenerContainer - Waiting for workers to finish.
2026-08-20 21:17:16.900 [org.springframework.amqp.rabbit.RabbitListenerEndpointContainer#2-4] INFO  [] o.s.a.r.l.SimpleMessageListenerContainer - Waiting for workers to finish.
2026-08-20 21:17:17.122 [org.springframework.amqp.rabbit.RabbitListenerEndpointContainer#0-4] INFO  [] o.s.a.r.l.SimpleMessageListenerContainer - Successfully waited for workers to finish.
2026-08-20 21:17:17.137 [org.springframework.amqp.rabbit.RabbitListenerEndpointContainer#1-4] INFO  [] o.s.a.r.l.SimpleMessageListenerContainer - Successfully waited for workers to finish.
2026-08-20 21:17:17.277 [org.springframework.amqp.rabbit.RabbitListenerEndpointContainer#2-4] INFO  [] o.s.a.r.l.SimpleMessageListenerContainer - Successfully waited for workers to finish.
2026-08-20 21:17:19.289 [SpringApplicationShutdownHook] INFO  [] com.zaxxer.hikari.HikariDataSource - HikariPool-1 - Shutdown initiated...
2026-08-20 21:17:19.299 [SpringApplicationShutdownHook] INFO  [] com.zaxxer.hikari.HikariDataSource - HikariPool-1 - Shutdown completed.
2026-08-20 21:17:30.954 [main] INFO  [] c.g.FlashTidyMallProjectApplication - Starting FlashTidyMallProjectApplication using Java 1.8.0_492 on DESKTOP-PJGE1ML with PID 26476 (D:\hhw-mall-project\Flash_Tidy-mall-project\target\classes started by huanghaiwei in D:\hhw-mall-project)
2026-08-20 21:17:30.954 [background-preinit] INFO  [] o.h.validator.internal.util.Version - HV000001: Hibernate Validator 6.2.5.Final
2026-08-20 21:17:30.956 [main] INFO  [] c.g.FlashTidyMallProjectApplication - No active profile set, falling back to 1 default profile: "default"
2026-08-20 21:17:32.480 [main] INFO  [] o.s.d.r.c.RepositoryConfigurationDelegate - Multiple Spring Data modules found, entering strict repository configuration mode
2026-08-20 21:17:32.482 [main] INFO  [] o.s.d.r.c.RepositoryConfigurationDelegate - Bootstrapping Spring Data Elasticsearch repositories in DEFAULT mode.
2026-08-20 21:17:32.508 [main] INFO  [] o.s.d.r.c.RepositoryConfigurationDelegate - Finished Spring Data repository scanning in 21 ms. Found 0 Elasticsearch repository interfaces.
2026-08-20 21:17:32.512 [main] INFO  [] o.s.d.r.c.RepositoryConfigurationDelegate - Multiple Spring Data modules found, entering strict repository configuration mode
2026-08-20 21:17:32.513 [main] INFO  [] o.s.d.r.c.RepositoryConfigurationDelegate - Bootstrapping Spring Data Reactive Elasticsearch repositories in DEFAULT mode.
2026-08-20 21:17:32.525 [main] INFO  [] o.s.d.r.c.RepositoryConfigurationDelegate - Finished Spring Data repository scanning in 12 ms. Found 0 Reactive Elasticsearch repository interfaces.
2026-08-20 21:17:32.533 [main] INFO  [] o.s.d.r.c.RepositoryConfigurationDelegate - Multiple Spring Data modules found, entering strict repository configuration mode
2026-08-20 21:17:32.534 [main] INFO  [] o.s.d.r.c.RepositoryConfigurationDelegate - Bootstrapping Spring Data Redis repositories in DEFAULT mode.
2026-08-20 21:17:32.554 [main] INFO  [] o.s.d.r.c.RepositoryConfigurationDelegate - Finished Spring Data repository scanning in 12 ms. Found 0 Redis repository interfaces.
2026-08-20 21:17:33.174 [main] INFO  [] o.s.b.w.e.tomcat.TomcatWebServer - Tomcat initialized with port(s): 8080 (http)
2026-08-20 21:17:33.183 [main] INFO  [] o.a.coyote.http11.Http11NioProtocol - Initializing ProtocolHandler ["http-nio-8080"]
2026-08-20 21:17:33.184 [main] INFO  [] o.a.catalina.core.StandardService - Starting service [Tomcat]
2026-08-20 21:17:33.184 [main] INFO  [] o.a.catalina.core.StandardEngine - Starting Servlet engine: [Apache Tomcat/9.0.83]
2026-08-20 21:17:33.350 [main] INFO  [] o.a.c.c.C.[Tomcat].[localhost].[/] - Initializing Spring embedded WebApplicationContext
2026-08-20 21:17:33.350 [main] INFO  [] o.s.b.w.s.c.ServletWebServerApplicationContext - Root WebApplicationContext: initialization completed in 2347 ms
2026-08-20 21:17:35.937 [I/O dispatcher 1] WARN  [] org.elasticsearch.client.RestClient - request [GET http://192.168.147.131:9200/] returned 1 warnings: [299 Elasticsearch-7.17.22-38e9ca2e81304a821c50862dafab089ca863944b "Elasticsearch built-in security features are not enabled. Without authentication, your cluster could be accessible to anyone. See https://www.elastic.co/guide/en/elasticsearch/reference/7.17/security-minimal-setup.html to enable security."]
2026-08-20 21:17:35.952 [main] WARN  [task-es-init-1787231855845] org.elasticsearch.client.RestClient - request [HEAD http://192.168.147.131:9200/spu] returned 1 warnings: [299 Elasticsearch-7.17.22-38e9ca2e81304a821c50862dafab089ca863944b "Elasticsearch built-in security features are not enabled. Without authentication, your cluster could be accessible to anyone. See https://www.elastic.co/guide/en/elasticsearch/reference/7.17/security-minimal-setup.html to enable security."]
2026-08-20 21:17:36.022 [main] WARN  [task-es-init-1787231855845] org.elasticsearch.client.RestClient - request [POST http://192.168.147.131:9200/spu/_search?typed_keys=true&max_concurrent_shard_requests=5&search_type=query_then_fetch&batched_reduce_size=512] returned 1 warnings: [299 Elasticsearch-7.17.22-38e9ca2e81304a821c50862dafab089ca863944b "Elasticsearch built-in security features are not enabled. Without authentication, your cluster could be accessible to anyone. See https://www.elastic.co/guide/en/elasticsearch/reference/7.17/security-minimal-setup.html to enable security."]
2026-08-20 21:17:36.030 [main] INFO  [task-es-init-1787231855845] com.gdou.task.EsSyncTask - 当前ES已有文档，跳过全量同步
2026-08-20 21:17:36.083 [main] INFO  [task-seckill-1787231856032] com.zaxxer.hikari.HikariDataSource - HikariPool-1 - Starting...
2026-08-20 21:17:36.307 [main] INFO  [task-seckill-1787231856032] com.zaxxer.hikari.HikariDataSource - HikariPool-1 - Start completed.
2026-08-20 21:17:38.594 [main] INFO  [task-seckill-1787231856032] com.gdou.task.SeckillTask - 秒杀预热 SKU=101，促销库存=120，时间 Sat Aug 01 00:00:00 CST 2026 ~ Mon Aug 31 23:59:59 CST 2026
2026-08-20 21:17:38.599 [main] INFO  [task-seckill-1787231856032] com.gdou.task.SeckillTask - 秒杀预热 SKU=102，促销库存=80，时间 Sat Aug 01 00:00:00 CST 2026 ~ Mon Aug 31 23:59:59 CST 2026
2026-08-20 21:17:38.604 [main] INFO  [task-seckill-1787231856032] com.gdou.task.SeckillTask - 秒杀预热 SKU=201，促销库存=300，时间 Sat Aug 01 00:00:00 CST 2026 ~ Mon Aug 31 23:59:59 CST 2026
2026-08-20 21:17:38.609 [main] INFO  [task-seckill-1787231856032] com.gdou.task.SeckillTask - 秒杀预热 SKU=301，促销库存=150，时间 Sat Aug 01 00:00:00 CST 2026 ~ Mon Aug 31 23:59:59 CST 2026
2026-08-20 21:17:38.614 [main] INFO  [task-seckill-1787231856032] com.gdou.task.SeckillTask - 秒杀预热 SKU=1101，促销库存=180，时间 Sat Aug 01 00:00:00 CST 2026 ~ Mon Aug 31 23:59:59 CST 2026
2026-08-20 21:17:38.618 [main] INFO  [task-seckill-1787231856032] com.gdou.task.SeckillTask - 秒杀预热 SKU=1301，促销库存=120，时间 Sat Aug 01 00:00:00 CST 2026 ~ Mon Aug 31 23:59:59 CST 2026
2026-08-20 21:17:38.622 [main] INFO  [task-seckill-1787231856032] com.gdou.task.SeckillTask - 秒杀预热 SKU=1701，促销库存=100，时间 Sat Aug 01 00:00:00 CST 2026 ~ Mon Aug 31 23:59:59 CST 2026
2026-08-20 21:17:38.626 [main] INFO  [task-seckill-1787231856032] com.gdou.task.SeckillTask - 秒杀预热 SKU=2101，促销库存=40，时间 Sat Aug 01 00:00:00 CST 2026 ~ Mon Aug 31 23:59:59 CST 2026
2026-08-20 21:17:38.634 [main] INFO  [task-seckill-1787231856032] com.gdou.task.SeckillTask - 秒杀预热 SKU=2501，促销库存=120，时间 Sat Aug 01 00:00:00 CST 2026 ~ Mon Aug 31 23:59:59 CST 2026
2026-08-20 21:17:38.639 [main] INFO  [task-seckill-1787231856032] com.gdou.task.SeckillTask - 秒杀预热 SKU=2801，促销库存=130，时间 Sat Aug 01 00:00:00 CST 2026 ~ Mon Aug 31 23:59:59 CST 2026
2026-08-20 21:17:38.643 [main] INFO  [task-seckill-1787231856032] com.gdou.task.SeckillTask - 秒杀预热 SKU=2901，促销库存=90，时间 Sat Aug 01 00:00:00 CST 2026 ~ Mon Aug 31 23:59:59 CST 2026
2026-08-20 21:17:39.211 [main] INFO  [] o.s.b.a.w.s.WelcomePageHandlerMapping - Adding welcome page: class path resource [static/index.html]
2026-08-20 21:17:39.643 [main] INFO  [] o.a.coyote.http11.Http11NioProtocol - Starting ProtocolHandler ["http-nio-8080"]
2026-08-20 21:17:39.654 [main] INFO  [] o.s.b.w.e.tomcat.TomcatWebServer - Tomcat started on port(s): 8080 (http) with context path ''
2026-08-20 21:17:39.740 [main] INFO  [] o.s.b.w.e.tomcat.TomcatWebServer - Tomcat initialized with port(s): 8081 (http)
2026-08-20 21:17:39.740 [main] INFO  [] o.a.coyote.http11.Http11NioProtocol - Initializing ProtocolHandler ["http-nio-8081"]
2026-08-20 21:17:39.741 [main] INFO  [] o.a.catalina.core.StandardService - Starting service [Tomcat]
2026-08-20 21:17:39.741 [main] INFO  [] o.a.catalina.core.StandardEngine - Starting Servlet engine: [Apache Tomcat/9.0.83]
2026-08-20 21:17:39.769 [main] INFO  [] o.a.c.c.C.[Tomcat-1].[localhost].[/] - Initializing Spring embedded WebApplicationContext
2026-08-20 21:17:39.770 [main] INFO  [] o.s.b.w.s.c.ServletWebServerApplicationContext - Root WebApplicationContext: initialization completed in 110 ms
2026-08-20 21:17:39.780 [main] INFO  [] o.s.b.a.e.web.EndpointLinksResolver - Exposing 3 endpoint(s) beneath base path '/actuator'
2026-08-20 21:17:39.817 [main] INFO  [] o.a.coyote.http11.Http11NioProtocol - Starting ProtocolHandler ["http-nio-8081"]
2026-08-20 21:17:39.819 [main] INFO  [] o.s.b.w.e.tomcat.TomcatWebServer - Tomcat started on port(s): 8081 (http) with context path ''
2026-08-20 21:17:39.942 [http-nio-8081-exec-1] INFO  [] o.a.c.c.C.[Tomcat-1].[localhost].[/] - Initializing Spring DispatcherServlet 'dispatcherServlet'
2026-08-20 21:17:39.943 [http-nio-8081-exec-1] INFO  [] o.s.web.servlet.DispatcherServlet - Initializing Servlet 'dispatcherServlet'
2026-08-20 21:17:39.944 [http-nio-8081-exec-1] INFO  [] o.s.web.servlet.DispatcherServlet - Completed initialization in 1 ms
2026-08-20 21:17:40.263 [main] INFO  [] o.s.a.r.c.CachingConnectionFactory - Attempting to connect to: [192.168.147.131:5672]
2026-08-20 21:17:40.300 [main] INFO  [] o.s.a.r.c.CachingConnectionFactory - Created new connection: rabbitConnectionFactory#6d001fbe:0/SimpleConnection@18ed9480 [delegate=amqp://guess@192.168.147.131:5672/, localPort= 61166]
2026-08-20 21:17:40.446 [main] INFO  [] c.g.FlashTidyMallProjectApplication - Started FlashTidyMallProjectApplication in 9.977 seconds (JVM running for 12.66)
2026-08-20 21:17:40.470 [scheduling-1] INFO  [task-seckill-1787231860456] com.gdou.task.SeckillTask - 秒杀预热 SKU=101，促销库存=120，时间 Sat Aug 01 00:00:00 CST 2026 ~ Mon Aug 31 23:59:59 CST 2026
2026-08-20 21:17:40.478 [scheduling-1] INFO  [task-seckill-1787231860456] com.gdou.task.SeckillTask - 秒杀预热 SKU=102，促销库存=80，时间 Sat Aug 01 00:00:00 CST 2026 ~ Mon Aug 31 23:59:59 CST 2026
2026-08-20 21:17:40.483 [scheduling-1] INFO  [task-seckill-1787231860456] com.gdou.task.SeckillTask - 秒杀预热 SKU=201，促销库存=300，时间 Sat Aug 01 00:00:00 CST 2026 ~ Mon Aug 31 23:59:59 CST 2026
2026-08-20 21:17:40.489 [scheduling-1] INFO  [task-seckill-1787231860456] com.gdou.task.SeckillTask - 秒杀预热 SKU=301，促销库存=150，时间 Sat Aug 01 00:00:00 CST 2026 ~ Mon Aug 31 23:59:59 CST 2026
2026-08-20 21:17:40.496 [scheduling-1] INFO  [task-seckill-1787231860456] com.gdou.task.SeckillTask - 秒杀预热 SKU=1101，促销库存=180，时间 Sat Aug 01 00:00:00 CST 2026 ~ Mon Aug 31 23:59:59 CST 2026
2026-08-20 21:17:40.501 [scheduling-1] INFO  [task-seckill-1787231860456] com.gdou.task.SeckillTask - 秒杀预热 SKU=1301，促销库存=120，时间 Sat Aug 01 00:00:00 CST 2026 ~ Mon Aug 31 23:59:59 CST 2026
2026-08-20 21:17:40.506 [scheduling-1] INFO  [task-seckill-1787231860456] com.gdou.task.SeckillTask - 秒杀预热 SKU=1701，促销库存=100，时间 Sat Aug 01 00:00:00 CST 2026 ~ Mon Aug 31 23:59:59 CST 2026
2026-08-20 21:17:40.514 [scheduling-1] INFO  [task-seckill-1787231860456] com.gdou.task.SeckillTask - 秒杀预热 SKU=2101，促销库存=40，时间 Sat Aug 01 00:00:00 CST 2026 ~ Mon Aug 31 23:59:59 CST 2026
2026-08-20 21:17:40.520 [scheduling-1] INFO  [task-seckill-1787231860456] com.gdou.task.SeckillTask - 秒杀预热 SKU=2501，促销库存=120，时间 Sat Aug 01 00:00:00 CST 2026 ~ Mon Aug 31 23:59:59 CST 2026
2026-08-20 21:17:40.524 [scheduling-1] INFO  [task-seckill-1787231860456] com.gdou.task.SeckillTask - 秒杀预热 SKU=2801，促销库存=130，时间 Sat Aug 01 00:00:00 CST 2026 ~ Mon Aug 31 23:59:59 CST 2026
2026-08-20 21:17:40.530 [scheduling-1] INFO  [task-seckill-1787231860456] com.gdou.task.SeckillTask - 秒杀预热 SKU=2901，促销库存=90，时间 Sat Aug 01 00:00:00 CST 2026 ~ Mon Aug 31 23:59:59 CST 2026
2026-08-20 21:17:42.663 [RMI TCP Connection(1)-192.168.147.1] INFO  [] o.a.c.c.C.[Tomcat].[localhost].[/] - Initializing Spring DispatcherServlet 'dispatcherServlet'
2026-08-20 21:17:42.663 [RMI TCP Connection(1)-192.168.147.1] INFO  [] o.s.web.servlet.DispatcherServlet - Initializing Servlet 'dispatcherServlet'
2026-08-20 21:17:42.665 [RMI TCP Connection(1)-192.168.147.1] INFO  [] o.s.web.servlet.DispatcherServlet - Completed initialization in 2 ms
2026-08-20 21:17:42.673 [RMI TCP Connection(2)-192.168.147.1] WARN  [] org.elasticsearch.client.RestClient - request [GET http://192.168.147.131:9200/_cluster/health/] returned 1 warnings: [299 Elasticsearch-7.17.22-38e9ca2e81304a821c50862dafab089ca863944b "Elasticsearch built-in security features are not enabled. Without authentication, your cluster could be accessible to anyone. See https://www.elastic.co/guide/en/elasticsearch/reference/7.17/security-minimal-setup.html to enable security."]
2026-08-20 21:24:37.353 [AMQP Connection 192.168.147.131:5672] WARN  [] c.r.c.impl.ForgivingExceptionHandler - An unexpected connection driver error occurred (Exception message: Connection reset)
2026-08-20 21:24:37.735 [org.springframework.amqp.rabbit.RabbitListenerEndpointContainer#0-3] INFO  [] o.s.a.r.l.SimpleMessageListenerContainer - Restarting Consumer@d8751de: tags=[[amq.ctag-ZD-jRNyxl4VmdIL7a0sDHw]], channel=Cached Rabbit Channel: PublisherCallbackChannelImpl: AMQChannel(amqp://guess@192.168.147.131:5672/,3), conn: Proxy@309b8144 Shared Rabbit Connection: SimpleConnection@18ed9480 [delegate=amqp://guess@192.168.147.131:5672/, localPort= 61166], acknowledgeMode=AUTO local queue size=0
2026-08-20 21:24:37.735 [org.springframework.amqp.rabbit.RabbitListenerEndpointContainer#0-2] INFO  [] o.s.a.r.l.SimpleMessageListenerContainer - Restarting Consumer@6e21c6ed: tags=[[amq.ctag-avZiG3CuTVafpKuP8Nqw8w]], channel=Cached Rabbit Channel: PublisherCallbackChannelImpl: AMQChannel(amqp://guess@192.168.147.131:5672/,1), conn: Proxy@309b8144 Shared Rabbit Connection: SimpleConnection@18ed9480 [delegate=amqp://guess@192.168.147.131:5672/, localPort= 61166], acknowledgeMode=AUTO local queue size=0
2026-08-20 21:24:37.749 [org.springframework.amqp.rabbit.RabbitListenerEndpointContainer#0-4] INFO  [] o.s.a.r.c.CachingConnectionFactory - Attempting to connect to: [192.168.147.131:5672]
2026-08-20 21:24:37.804 [org.springframework.amqp.rabbit.RabbitListenerEndpointContainer#2-2] INFO  [] o.s.a.r.l.SimpleMessageListenerContainer - Restarting Consumer@1a3272e0: tags=[[amq.ctag-K0OhgjPXW77Jco3UOE4VAg]], channel=Cached Rabbit Channel: PublisherCallbackChannelImpl: AMQChannel(amqp://guess@192.168.147.131:5672/,9), conn: Proxy@309b8144 Shared Rabbit Connection: null, acknowledgeMode=AUTO local queue size=0
2026-08-20 21:24:37.806 [org.springframework.amqp.rabbit.RabbitListenerEndpointContainer#0-4] INFO  [] o.s.a.r.c.CachingConnectionFactory - Created new connection: rabbitConnectionFactory#6d001fbe:1/SimpleConnection@7969bba6 [delegate=amqp://guess@192.168.147.131:5672/, localPort= 57819]
2026-08-20 21:24:37.881 [org.springframework.amqp.rabbit.RabbitListenerEndpointContainer#1-3] INFO  [] o.s.a.r.l.SimpleMessageListenerContainer - Restarting Consumer@55b78dad: tags=[[amq.ctag-I5RnoGbKrA0kF7eMs-FTtQ]], channel=Cached Rabbit Channel: PublisherCallbackChannelImpl: AMQChannel(amqp://guess@192.168.147.131:5672/,5), conn: Proxy@309b8144 Shared Rabbit Connection: SimpleConnection@7969bba6 [delegate=amqp://guess@192.168.147.131:5672/, localPort= 57819], acknowledgeMode=AUTO local queue size=0
2026-08-20 21:24:37.882 [org.springframework.amqp.rabbit.RabbitListenerEndpointContainer#0-1] INFO  [] o.s.a.r.l.SimpleMessageListenerContainer - Restarting Consumer@33ce081a: tags=[[amq.ctag-7tkaqE9wxkDxvX8CwTVAQQ]], channel=Cached Rabbit Channel: PublisherCallbackChannelImpl: AMQChannel(amqp://guess@192.168.147.131:5672/,2), conn: Proxy@309b8144 Shared Rabbit Connection: SimpleConnection@7969bba6 [delegate=amqp://guess@192.168.147.131:5672/, localPort= 57819], acknowledgeMode=AUTO local queue size=0
2026-08-20 21:24:37.948 [org.springframework.amqp.rabbit.RabbitListenerEndpointContainer#2-1] INFO  [] o.s.a.r.l.SimpleMessageListenerContainer - Restarting Consumer@7bc3c59f: tags=[[amq.ctag-jErOcdbS_6kvmSr1E6IAUg]], channel=Cached Rabbit Channel: PublisherCallbackChannelImpl: AMQChannel(amqp://guess@192.168.147.131:5672/,7), conn: Proxy@309b8144 Shared Rabbit Connection: SimpleConnection@7969bba6 [delegate=amqp://guess@192.168.147.131:5672/, localPort= 57819], acknowledgeMode=AUTO local queue size=0
2026-08-20 21:24:37.951 [org.springframework.amqp.rabbit.RabbitListenerEndpointContainer#1-1] INFO  [] o.s.a.r.l.SimpleMessageListenerContainer - Restarting Consumer@6e3acd7: tags=[[amq.ctag-kXrVwUgV0U_1VRjik4UaGA]], channel=Cached Rabbit Channel: PublisherCallbackChannelImpl: AMQChannel(amqp://guess@192.168.147.131:5672/,4), conn: Proxy@309b8144 Shared Rabbit Connection: SimpleConnection@7969bba6 [delegate=amqp://guess@192.168.147.131:5672/, localPort= 57819], acknowledgeMode=AUTO local queue size=0
2026-08-20 21:24:37.951 [org.springframework.amqp.rabbit.RabbitListenerEndpointContainer#2-3] INFO  [] o.s.a.r.l.SimpleMessageListenerContainer - Restarting Consumer@6db2a260: tags=[[amq.ctag-p9AygkZ-Ms8MBsTq28VtnQ]], channel=Cached Rabbit Channel: PublisherCallbackChannelImpl: AMQChannel(amqp://guess@192.168.147.131:5672/,8), conn: Proxy@309b8144 Shared Rabbit Connection: SimpleConnection@7969bba6 [delegate=amqp://guess@192.168.147.131:5672/, localPort= 57819], acknowledgeMode=AUTO local queue size=0
2026-08-20 21:24:37.954 [org.springframework.amqp.rabbit.RabbitListenerEndpointContainer#1-2] INFO  [] o.s.a.r.l.SimpleMessageListenerContainer - Restarting Consumer@44bd7f24: tags=[[amq.ctag-F41gsTPiKDACm1UYC2gweQ]], channel=Cached Rabbit Channel: PublisherCallbackChannelImpl: AMQChannel(amqp://guess@192.168.147.131:5672/,6), conn: Proxy@309b8144 Shared Rabbit Connection: SimpleConnection@7969bba6 [delegate=amqp://guess@192.168.147.131:5672/, localPort= 57819], acknowledgeMode=AUTO local queue size=0
2026-08-20 21:25:01.960 [HikariPool-1 housekeeper] WARN  [] com.zaxxer.hikari.pool.HikariPool - HikariPool-1 - Thread starvation or clock leap detected (housekeeper delta=2m25s490ms53µs900ns).
2026-08-20 21:27:44.555 [ForkJoinPool.commonPool-worker-9] INFO  [] c.gdou.service.impl.OrderServiceImpl - 用户2订单共15条
2026-08-20 21:27:44.569 [ForkJoinPool.commonPool-worker-9] INFO  [] com.gdou.agent.Tools - [Agent工具] query_orders 提取订单卡片 15 张
2026-08-20 21:27:44.652 [ForkJoinPool.commonPool-worker-9] INFO  [] c.gdou.service.impl.OrderServiceImpl - 用户2订单共15条
2026-08-20 21:27:44.656 [ForkJoinPool.commonPool-worker-9] INFO  [] com.gdou.agent.Tools - [Agent工具] query_orders 提取订单卡片 15 张
2026-08-20 21:27:44.719 [ForkJoinPool.commonPool-worker-9] INFO  [] c.gdou.service.impl.OrderServiceImpl - 用户2订单共15条
2026-08-20 21:27:44.721 [ForkJoinPool.commonPool-worker-9] INFO  [] com.gdou.agent.Tools - [Agent工具] query_orders 提取订单卡片 15 张
2026-08-20 21:27:44.783 [ForkJoinPool.commonPool-worker-9] INFO  [] c.gdou.service.impl.OrderServiceImpl - 用户2订单共15条
2026-08-20 21:27:44.786 [ForkJoinPool.commonPool-worker-9] INFO  [] com.gdou.agent.Tools - [Agent工具] query_orders 提取订单卡片 15 张
2026-08-20 21:35:48.468 [org.springframework.amqp.rabbit.RabbitListenerEndpointContainer#0-7] INFO  [] o.s.a.r.l.SimpleMessageListenerContainer - Waiting for workers to finish.
2026-08-20 21:35:48.472 [org.springframework.amqp.rabbit.RabbitListenerEndpointContainer#1-7] INFO  [] o.s.a.r.l.SimpleMessageListenerContainer - Waiting for workers to finish.
2026-08-20 21:35:48.477 [org.springframework.amqp.rabbit.RabbitListenerEndpointContainer#2-7] INFO  [] o.s.a.r.l.SimpleMessageListenerContainer - Waiting for workers to finish.
2026-08-20 21:35:48.820 [org.springframework.amqp.rabbit.RabbitListenerEndpointContainer#0-7] INFO  [] o.s.a.r.l.SimpleMessageListenerContainer - Successfully waited for workers to finish.
2026-08-20 21:35:48.820 [org.springframework.amqp.rabbit.RabbitListenerEndpointContainer#1-7] INFO  [] o.s.a.r.l.SimpleMessageListenerContainer - Successfully waited for workers to finish.
2026-08-20 21:35:48.820 [org.springframework.amqp.rabbit.RabbitListenerEndpointContainer#2-7] INFO  [] o.s.a.r.l.SimpleMessageListenerContainer - Successfully waited for workers to finish.
2026-08-20 21:35:50.773 [SpringApplicationShutdownHook] INFO  [] com.zaxxer.hikari.HikariDataSource - HikariPool-1 - Shutdown initiated...
2026-08-20 21:35:50.788 [SpringApplicationShutdownHook] INFO  [] com.zaxxer.hikari.HikariDataSource - HikariPool-1 - Shutdown completed.
2026-08-20 21:36:02.612 [background-preinit] INFO  [] o.h.validator.internal.util.Version - HV000001: Hibernate Validator 6.2.5.Final
2026-08-20 21:36:02.611 [main] INFO  [] c.g.FlashTidyMallProjectApplication - Starting FlashTidyMallProjectApplication using Java 1.8.0_492 on DESKTOP-PJGE1ML with PID 37928 (D:\hhw-mall-project\Flash_Tidy-mall-project\target\classes started by huanghaiwei in D:\hhw-mall-project)
2026-08-20 21:36:02.614 [main] INFO  [] c.g.FlashTidyMallProjectApplication - No active profile set, falling back to 1 default profile: "default"
2026-08-20 21:36:04.116 [main] INFO  [] o.s.d.r.c.RepositoryConfigurationDelegate - Multiple Spring Data modules found, entering strict repository configuration mode
2026-08-20 21:36:04.118 [main] INFO  [] o.s.d.r.c.RepositoryConfigurationDelegate - Bootstrapping Spring Data Elasticsearch repositories in DEFAULT mode.
2026-08-20 21:36:04.144 [main] INFO  [] o.s.d.r.c.RepositoryConfigurationDelegate - Finished Spring Data repository scanning in 21 ms. Found 0 Elasticsearch repository interfaces.
2026-08-20 21:36:04.147 [main] INFO  [] o.s.d.r.c.RepositoryConfigurationDelegate - Multiple Spring Data modules found, entering strict repository configuration mode
2026-08-20 21:36:04.148 [main] INFO  [] o.s.d.r.c.RepositoryConfigurationDelegate - Bootstrapping Spring Data Reactive Elasticsearch repositories in DEFAULT mode.
2026-08-20 21:36:04.161 [main] INFO  [] o.s.d.r.c.RepositoryConfigurationDelegate - Finished Spring Data repository scanning in 12 ms. Found 0 Reactive Elasticsearch repository interfaces.
2026-08-20 21:36:04.168 [main] INFO  [] o.s.d.r.c.RepositoryConfigurationDelegate - Multiple Spring Data modules found, entering strict repository configuration mode
2026-08-20 21:36:04.169 [main] INFO  [] o.s.d.r.c.RepositoryConfigurationDelegate - Bootstrapping Spring Data Redis repositories in DEFAULT mode.
2026-08-20 21:36:04.191 [main] INFO  [] o.s.d.r.c.RepositoryConfigurationDelegate - Finished Spring Data repository scanning in 13 ms. Found 0 Redis repository interfaces.
2026-08-20 21:36:04.828 [main] INFO  [] o.s.b.w.e.tomcat.TomcatWebServer - Tomcat initialized with port(s): 8080 (http)
2026-08-20 21:36:04.835 [main] INFO  [] o.a.coyote.http11.Http11NioProtocol - Initializing ProtocolHandler ["http-nio-8080"]
2026-08-20 21:36:04.836 [main] INFO  [] o.a.catalina.core.StandardService - Starting service [Tomcat]
2026-08-20 21:36:04.836 [main] INFO  [] o.a.catalina.core.StandardEngine - Starting Servlet engine: [Apache Tomcat/9.0.83]
2026-08-20 21:36:04.997 [main] INFO  [] o.a.c.c.C.[Tomcat].[localhost].[/] - Initializing Spring embedded WebApplicationContext
2026-08-20 21:36:04.998 [main] INFO  [] o.s.b.w.s.c.ServletWebServerApplicationContext - Root WebApplicationContext: initialization completed in 2339 ms
2026-08-20 21:36:07.746 [I/O dispatcher 1] WARN  [] org.elasticsearch.client.RestClient - request [GET http://192.168.147.131:9200/] returned 1 warnings: [299 Elasticsearch-7.17.22-38e9ca2e81304a821c50862dafab089ca863944b "Elasticsearch built-in security features are not enabled. Without authentication, your cluster could be accessible to anyone. See https://www.elastic.co/guide/en/elasticsearch/reference/7.17/security-minimal-setup.html to enable security."]
2026-08-20 21:36:07.762 [main] WARN  [task-es-init-1787232967656] org.elasticsearch.client.RestClient - request [HEAD http://192.168.147.131:9200/spu] returned 1 warnings: [299 Elasticsearch-7.17.22-38e9ca2e81304a821c50862dafab089ca863944b "Elasticsearch built-in security features are not enabled. Without authentication, your cluster could be accessible to anyone. See https://www.elastic.co/guide/en/elasticsearch/reference/7.17/security-minimal-setup.html to enable security."]
2026-08-20 21:36:07.849 [main] WARN  [task-es-init-1787232967656] org.elasticsearch.client.RestClient - request [POST http://192.168.147.131:9200/spu/_search?typed_keys=true&max_concurrent_shard_requests=5&search_type=query_then_fetch&batched_reduce_size=512] returned 1 warnings: [299 Elasticsearch-7.17.22-38e9ca2e81304a821c50862dafab089ca863944b "Elasticsearch built-in security features are not enabled. Without authentication, your cluster could be accessible to anyone. See https://www.elastic.co/guide/en/elasticsearch/reference/7.17/security-minimal-setup.html to enable security."]
2026-08-20 21:36:07.855 [main] INFO  [task-es-init-1787232967656] com.gdou.task.EsSyncTask - 当前ES已有文档，跳过全量同步
2026-08-20 21:36:07.909 [main] INFO  [task-seckill-1787232967858] com.zaxxer.hikari.HikariDataSource - HikariPool-1 - Starting...
2026-08-20 21:36:08.139 [main] INFO  [task-seckill-1787232967858] com.zaxxer.hikari.HikariDataSource - HikariPool-1 - Start completed.
2026-08-20 21:36:10.577 [main] INFO  [task-seckill-1787232967858] com.gdou.task.SeckillTask - 秒杀预热 SKU=101，促销库存=120，时间 Sat Aug 01 00:00:00 CST 2026 ~ Mon Aug 31 23:59:59 CST 2026
2026-08-20 21:36:10.582 [main] INFO  [task-seckill-1787232967858] com.gdou.task.SeckillTask - 秒杀预热 SKU=102，促销库存=80，时间 Sat Aug 01 00:00:00 CST 2026 ~ Mon Aug 31 23:59:59 CST 2026
2026-08-20 21:36:10.590 [main] INFO  [task-seckill-1787232967858] com.gdou.task.SeckillTask - 秒杀预热 SKU=201，促销库存=300，时间 Sat Aug 01 00:00:00 CST 2026 ~ Mon Aug 31 23:59:59 CST 2026
2026-08-20 21:36:10.596 [main] INFO  [task-seckill-1787232967858] com.gdou.task.SeckillTask - 秒杀预热 SKU=301，促销库存=150，时间 Sat Aug 01 00:00:00 CST 2026 ~ Mon Aug 31 23:59:59 CST 2026
2026-08-20 21:36:10.602 [main] INFO  [task-seckill-1787232967858] com.gdou.task.SeckillTask - 秒杀预热 SKU=1101，促销库存=180，时间 Sat Aug 01 00:00:00 CST 2026 ~ Mon Aug 31 23:59:59 CST 2026
2026-08-20 21:36:10.607 [main] INFO  [task-seckill-1787232967858] com.gdou.task.SeckillTask - 秒杀预热 SKU=1301，促销库存=120，时间 Sat Aug 01 00:00:00 CST 2026 ~ Mon Aug 31 23:59:59 CST 2026
2026-08-20 21:36:10.613 [main] INFO  [task-seckill-1787232967858] com.gdou.task.SeckillTask - 秒杀预热 SKU=1701，促销库存=100，时间 Sat Aug 01 00:00:00 CST 2026 ~ Mon Aug 31 23:59:59 CST 2026
2026-08-20 21:36:10.617 [main] INFO  [task-seckill-1787232967858] com.gdou.task.SeckillTask - 秒杀预热 SKU=2101，促销库存=40，时间 Sat Aug 01 00:00:00 CST 2026 ~ Mon Aug 31 23:59:59 CST 2026
2026-08-20 21:36:10.626 [main] INFO  [task-seckill-1787232967858] com.gdou.task.SeckillTask - 秒杀预热 SKU=2501，促销库存=120，时间 Sat Aug 01 00:00:00 CST 2026 ~ Mon Aug 31 23:59:59 CST 2026
2026-08-20 21:36:10.630 [main] INFO  [task-seckill-1787232967858] com.gdou.task.SeckillTask - 秒杀预热 SKU=2801，促销库存=130，时间 Sat Aug 01 00:00:00 CST 2026 ~ Mon Aug 31 23:59:59 CST 2026
2026-08-20 21:36:10.635 [main] INFO  [task-seckill-1787232967858] com.gdou.task.SeckillTask - 秒杀预热 SKU=2901，促销库存=90，时间 Sat Aug 01 00:00:00 CST 2026 ~ Mon Aug 31 23:59:59 CST 2026
2026-08-20 21:36:11.293 [main] INFO  [] o.s.b.a.w.s.WelcomePageHandlerMapping - Adding welcome page: class path resource [static/index.html]
2026-08-20 21:36:11.735 [main] INFO  [] o.a.coyote.http11.Http11NioProtocol - Starting ProtocolHandler ["http-nio-8080"]
2026-08-20 21:36:11.747 [main] INFO  [] o.s.b.w.e.tomcat.TomcatWebServer - Tomcat started on port(s): 8080 (http) with context path ''
2026-08-20 21:36:11.829 [main] INFO  [] o.s.b.w.e.tomcat.TomcatWebServer - Tomcat initialized with port(s): 8081 (http)
2026-08-20 21:36:11.829 [main] INFO  [] o.a.coyote.http11.Http11NioProtocol - Initializing ProtocolHandler ["http-nio-8081"]
2026-08-20 21:36:11.829 [main] INFO  [] o.a.catalina.core.StandardService - Starting service [Tomcat]
2026-08-20 21:36:11.830 [main] INFO  [] o.a.catalina.core.StandardEngine - Starting Servlet engine: [Apache Tomcat/9.0.83]
2026-08-20 21:36:11.857 [main] INFO  [] o.a.c.c.C.[Tomcat-1].[localhost].[/] - Initializing Spring embedded WebApplicationContext
2026-08-20 21:36:11.857 [main] INFO  [] o.s.b.w.s.c.ServletWebServerApplicationContext - Root WebApplicationContext: initialization completed in 105 ms
2026-08-20 21:36:11.867 [main] INFO  [] o.s.b.a.e.web.EndpointLinksResolver - Exposing 3 endpoint(s) beneath base path '/actuator'
2026-08-20 21:36:11.906 [main] INFO  [] o.a.coyote.http11.Http11NioProtocol - Starting ProtocolHandler ["http-nio-8081"]
2026-08-20 21:36:11.908 [main] INFO  [] o.s.b.w.e.tomcat.TomcatWebServer - Tomcat started on port(s): 8081 (http) with context path ''
2026-08-20 21:36:12.013 [http-nio-8081-exec-1] INFO  [] o.a.c.c.C.[Tomcat-1].[localhost].[/] - Initializing Spring DispatcherServlet 'dispatcherServlet'
2026-08-20 21:36:12.013 [http-nio-8081-exec-1] INFO  [] o.s.web.servlet.DispatcherServlet - Initializing Servlet 'dispatcherServlet'
2026-08-20 21:36:12.013 [http-nio-8081-exec-1] INFO  [] o.s.web.servlet.DispatcherServlet - Completed initialization in 0 ms
2026-08-20 21:36:12.381 [main] INFO  [] o.s.a.r.c.CachingConnectionFactory - Attempting to connect to: [192.168.147.131:5672]
2026-08-20 21:36:12.425 [main] INFO  [] o.s.a.r.c.CachingConnectionFactory - Created new connection: rabbitConnectionFactory#2c678c7b:0/SimpleConnection@70c99e13 [delegate=amqp://guess@192.168.147.131:5672/, localPort= 54238]
2026-08-20 21:36:12.572 [main] INFO  [] c.g.FlashTidyMallProjectApplication - Started FlashTidyMallProjectApplication in 10.448 seconds (JVM running for 13.273)
2026-08-20 21:36:12.599 [scheduling-1] INFO  [task-seckill-1787232972581] com.gdou.task.SeckillTask - 秒杀预热 SKU=101，促销库存=120，时间 Sat Aug 01 00:00:00 CST 2026 ~ Mon Aug 31 23:59:59 CST 2026
2026-08-20 21:36:12.611 [scheduling-1] INFO  [task-seckill-1787232972581] com.gdou.task.SeckillTask - 秒杀预热 SKU=102，促销库存=80，时间 Sat Aug 01 00:00:00 CST 2026 ~ Mon Aug 31 23:59:59 CST 2026
2026-08-20 21:36:12.617 [scheduling-1] INFO  [task-seckill-1787232972581] com.gdou.task.SeckillTask - 秒杀预热 SKU=201，促销库存=300，时间 Sat Aug 01 00:00:00 CST 2026 ~ Mon Aug 31 23:59:59 CST 2026
2026-08-20 21:36:12.624 [scheduling-1] INFO  [task-seckill-1787232972581] com.gdou.task.SeckillTask - 秒杀预热 SKU=301，促销库存=150，时间 Sat Aug 01 00:00:00 CST 2026 ~ Mon Aug 31 23:59:59 CST 2026
2026-08-20 21:36:12.628 [scheduling-1] INFO  [task-seckill-1787232972581] com.gdou.task.SeckillTask - 秒杀预热 SKU=1101，促销库存=180，时间 Sat Aug 01 00:00:00 CST 2026 ~ Mon Aug 31 23:59:59 CST 2026
2026-08-20 21:36:12.633 [scheduling-1] INFO  [task-seckill-1787232972581] com.gdou.task.SeckillTask - 秒杀预热 SKU=1301，促销库存=120，时间 Sat Aug 01 00:00:00 CST 2026 ~ Mon Aug 31 23:59:59 CST 2026
2026-08-20 21:36:12.636 [scheduling-1] INFO  [task-seckill-1787232972581] com.gdou.task.SeckillTask - 秒杀预热 SKU=1701，促销库存=100，时间 Sat Aug 01 00:00:00 CST 2026 ~ Mon Aug 31 23:59:59 CST 2026
2026-08-20 21:36:12.640 [scheduling-1] INFO  [task-seckill-1787232972581] com.gdou.task.SeckillTask - 秒杀预热 SKU=2101，促销库存=40，时间 Sat Aug 01 00:00:00 CST 2026 ~ Mon Aug 31 23:59:59 CST 2026
2026-08-20 21:36:12.646 [scheduling-1] INFO  [task-seckill-1787232972581] com.gdou.task.SeckillTask - 秒杀预热 SKU=2501，促销库存=120，时间 Sat Aug 01 00:00:00 CST 2026 ~ Mon Aug 31 23:59:59 CST 2026
2026-08-20 21:36:12.652 [scheduling-1] INFO  [task-seckill-1787232972581] com.gdou.task.SeckillTask - 秒杀预热 SKU=2801，促销库存=130，时间 Sat Aug 01 00:00:00 CST 2026 ~ Mon Aug 31 23:59:59 CST 2026
2026-08-20 21:36:12.656 [scheduling-1] INFO  [task-seckill-1787232972581] com.gdou.task.SeckillTask - 秒杀预热 SKU=2901，促销库存=90，时间 Sat Aug 01 00:00:00 CST 2026 ~ Mon Aug 31 23:59:59 CST 2026
2026-08-20 21:36:14.718 [RMI TCP Connection(2)-192.168.147.1] INFO  [] o.a.c.c.C.[Tomcat].[localhost].[/] - Initializing Spring DispatcherServlet 'dispatcherServlet'
2026-08-20 21:36:14.720 [RMI TCP Connection(2)-192.168.147.1] INFO  [] o.s.web.servlet.DispatcherServlet - Initializing Servlet 'dispatcherServlet'
2026-08-20 21:36:14.723 [RMI TCP Connection(2)-192.168.147.1] INFO  [] o.s.web.servlet.DispatcherServlet - Completed initialization in 3 ms
2026-08-20 21:36:14.734 [RMI TCP Connection(1)-192.168.147.1] WARN  [] org.elasticsearch.client.RestClient - request [GET http://192.168.147.131:9200/_cluster/health/] returned 1 warnings: [299 Elasticsearch-7.17.22-38e9ca2e81304a821c50862dafab089ca863944b "Elasticsearch built-in security features are not enabled. Without authentication, your cluster could be accessible to anyone. See https://www.elastic.co/guide/en/elasticsearch/reference/7.17/security-minimal-setup.html to enable security."]
2026-08-20 21:37:14.670 [ForkJoinPool.commonPool-worker-9] INFO  [] com.gdou.agent.Tools - [Agent工具] query_orders 收到参数: status=null, keyword=null
2026-08-20 21:37:14.788 [ForkJoinPool.commonPool-worker-9] INFO  [] c.gdou.service.impl.OrderServiceImpl - 用户2订单共15条
2026-08-20 21:37:14.802 [ForkJoinPool.commonPool-worker-9] INFO  [] com.gdou.agent.Tools - [Agent工具] query_orders 提取订单卡片 15 张
2026-08-20 22:37:11.578 [AMQP Connection 192.168.147.131:5672] WARN  [] c.r.c.impl.ForgivingExceptionHandler - An unexpected connection driver error occurred (Exception message: Connection reset)
2026-08-20 22:37:13.002 [org.springframework.amqp.rabbit.RabbitListenerEndpointContainer#1-2] INFO  [] o.s.a.r.l.SimpleMessageListenerContainer - Restarting Consumer@1a3272e0: tags=[[amq.ctag-n6TP0Jh42Gyu_nQcUfLXTQ]], channel=Cached Rabbit Channel: PublisherCallbackChannelImpl: AMQChannel(amqp://guess@192.168.147.131:5672/,6), conn: Proxy@222dc36c Shared Rabbit Connection: SimpleConnection@70c99e13 [delegate=amqp://guess@192.168.147.131:5672/, localPort= 54238], acknowledgeMode=AUTO local queue size=0
2026-08-20 22:37:13.001 [org.springframework.amqp.rabbit.RabbitListenerEndpointContainer#2-3] INFO  [] o.s.a.r.l.SimpleMessageListenerContainer - Restarting Consumer@ab3b54: tags=[[amq.ctag-9gejPVLMt72u64kxbIAxjg]], channel=Cached Rabbit Channel: PublisherCallbackChannelImpl: AMQChannel(amqp://guess@192.168.147.131:5672/,8), conn: Proxy@222dc36c Shared Rabbit Connection: SimpleConnection@70c99e13 [delegate=amqp://guess@192.168.147.131:5672/, localPort= 54238], acknowledgeMode=AUTO local queue size=0
2026-08-20 22:37:13.008 [org.springframework.amqp.rabbit.RabbitListenerEndpointContainer#2-4] INFO  [] o.s.a.r.c.CachingConnectionFactory - Attempting to connect to: [192.168.147.131:5672]
2026-08-20 22:37:13.016 [org.springframework.amqp.rabbit.RabbitListenerEndpointContainer#1-1] INFO  [] o.s.a.r.l.SimpleMessageListenerContainer - Restarting Consumer@7bc3c59f: tags=[[amq.ctag-e86eUfr5SwhpnT-laG3kiA]], channel=Cached Rabbit Channel: PublisherCallbackChannelImpl: AMQChannel(amqp://guess@192.168.147.131:5672/,4), conn: Proxy@222dc36c Shared Rabbit Connection: null, acknowledgeMode=AUTO local queue size=0
2026-08-20 22:37:13.018 [org.springframework.amqp.rabbit.RabbitListenerEndpointContainer#2-1] INFO  [] o.s.a.r.l.SimpleMessageListenerContainer - Restarting Consumer@35d62807: tags=[[amq.ctag-BwJLmprmCBd0cHSN5ezu9g]], channel=Cached Rabbit Channel: PublisherCallbackChannelImpl: AMQChannel(amqp://guess@192.168.147.131:5672/,7), conn: Proxy@222dc36c Shared Rabbit Connection: null, acknowledgeMode=AUTO local queue size=0
2026-08-20 22:37:13.016 [org.springframework.amqp.rabbit.RabbitListenerEndpointContainer#0-1] INFO  [] o.s.a.r.l.SimpleMessageListenerContainer - Restarting Consumer@61c644fe: tags=[[amq.ctag-ea2XoTqmyBVzaEsaItC7cw]], channel=Cached Rabbit Channel: PublisherCallbackChannelImpl: AMQChannel(amqp://guess@192.168.147.131:5672/,2), conn: Proxy@222dc36c Shared Rabbit Connection: null, acknowledgeMode=AUTO local queue size=0
2026-08-20 22:37:13.020 [org.springframework.amqp.rabbit.RabbitListenerEndpointContainer#1-3] INFO  [] o.s.a.r.l.SimpleMessageListenerContainer - Restarting Consumer@6db2a260: tags=[[amq.ctag-O72IO9IjnM8KHiXlaK_14Q]], channel=Cached Rabbit Channel: PublisherCallbackChannelImpl: AMQChannel(amqp://guess@192.168.147.131:5672/,5), conn: Proxy@222dc36c Shared Rabbit Connection: null, acknowledgeMode=AUTO local queue size=0
2026-08-20 22:37:13.021 [org.springframework.amqp.rabbit.RabbitListenerEndpointContainer#0-2] INFO  [] o.s.a.r.l.SimpleMessageListenerContainer - Restarting Consumer@cbaabfb: tags=[[amq.ctag-ldKOcXV9fUfkNhAYyW08Ww]], channel=Cached Rabbit Channel: PublisherCallbackChannelImpl: AMQChannel(amqp://guess@192.168.147.131:5672/,3), conn: Proxy@222dc36c Shared Rabbit Connection: null, acknowledgeMode=AUTO local queue size=0
2026-08-20 22:37:13.022 [org.springframework.amqp.rabbit.RabbitListenerEndpointContainer#0-3] INFO  [] o.s.a.r.l.SimpleMessageListenerContainer - Restarting Consumer@48614fb3: tags=[[amq.ctag-GKBCNvwcMJzUSD4NSQh3RA]], channel=Cached Rabbit Channel: PublisherCallbackChannelImpl: AMQChannel(amqp://guess@192.168.147.131:5672/,1), conn: Proxy@222dc36c Shared Rabbit Connection: null, acknowledgeMode=AUTO local queue size=0
2026-08-20 22:37:13.137 [org.springframework.amqp.rabbit.RabbitListenerEndpointContainer#2-4] INFO  [] o.s.a.r.c.CachingConnectionFactory - Created new connection: rabbitConnectionFactory#2c678c7b:1/SimpleConnection@1352e23b [delegate=amqp://guess@192.168.147.131:5672/, localPort= 64601]
2026-08-20 22:37:13.816 [org.springframework.amqp.rabbit.RabbitListenerEndpointContainer#2-2] INFO  [] o.s.a.r.l.SimpleMessageListenerContainer - Restarting Consumer@6fc03cf6: tags=[[amq.ctag-VMQxq4nq1eo6AW7QzRqYkg]], channel=Cached Rabbit Channel: PublisherCallbackChannelImpl: AMQChannel(amqp://guess@192.168.147.131:5672/,9), conn: Proxy@222dc36c Shared Rabbit Connection: SimpleConnection@1352e23b [delegate=amqp://guess@192.168.147.131:5672/, localPort= 64601], acknowledgeMode=AUTO local queue size=0
2026-08-20 22:37:36.050 [HikariPool-1 housekeeper] WARN  [] com.zaxxer.hikari.pool.HikariPool - HikariPool-1 - Thread starvation or clock leap detected (housekeeper delta=48m27s609ms106µs600ns).
2026-08-20 23:05:31.238 [HikariPool-1 housekeeper] WARN  [] com.zaxxer.hikari.pool.HikariPool - HikariPool-1 - Thread starvation or clock leap detected (housekeeper delta=23m25s128ms116µs100ns).
2026-08-20 23:05:31.319 [org.springframework.amqp.rabbit.RabbitListenerEndpointContainer#0-7] INFO  [] o.s.a.r.l.SimpleMessageListenerContainer - Waiting for workers to finish.
2026-08-20 23:05:31.327 [org.springframework.amqp.rabbit.RabbitListenerEndpointContainer#1-7] INFO  [] o.s.a.r.l.SimpleMessageListenerContainer - Waiting for workers to finish.
2026-08-20 23:05:31.334 [org.springframework.amqp.rabbit.RabbitListenerEndpointContainer#2-7] INFO  [] o.s.a.r.l.SimpleMessageListenerContainer - Waiting for workers to finish.
2026-08-20 23:05:31.713 [org.springframework.amqp.rabbit.RabbitListenerEndpointContainer#0-7] INFO  [] o.s.a.r.l.SimpleMessageListenerContainer - Successfully waited for workers to finish.
2026-08-20 23:05:31.730 [org.springframework.amqp.rabbit.RabbitListenerEndpointContainer#1-7] INFO  [] o.s.a.r.l.SimpleMessageListenerContainer - Successfully waited for workers to finish.
2026-08-20 23:05:32.195 [org.springframework.amqp.rabbit.RabbitListenerEndpointContainer#2-7] INFO  [] o.s.a.r.l.SimpleMessageListenerContainer - Successfully waited for workers to finish.
